complex_name,protein_path,ligand_description,protein_sequence
,data/DockGen/processed_files/1dgb_1_NDP_1/1dgb_1_NDP_1_protein_processed.pdb,data/DockGen/processed_files/1dgb_1_NDP_1/1dgb_1_NDP_0_ligand.pdb,
,data/DockGen/processed_files/1dgb_1_NDP_1/1dgb_1_NDP_1_protein_processed.pdb,data/DockGen/processed_files/1dgb_1_NDP_1/1dgb_1_NDP_1_ligand.pdb,
,data/DockGen/processed_files/1dgf_1_NDP_0/1dgf_1_NDP_0_protein_processed.pdb,data/DockGen/processed_files/1dgf_1_NDP_0/1dgf_1_NDP_0_ligand.pdb,
,data/DockGen/processed_files/1dgf_1_NDP_0/1dgf_1_NDP_0_protein_processed.pdb,data/DockGen/processed_files/1dgf_1_NDP_0/1dgf_1_NDP_1_ligand.pdb,
,data/DockGen/processed_files/1dgg_1_NDP_0/1dgg_1_NDP_0_protein_processed.pdb,data/DockGen/processed_files/1dgg_1_NDP_0/1dgg_1_NDP_0_ligand.pdb,
,data/DockGen/processed_files/1dgg_1_NDP_0/1dgg_1_NDP_0_protein_processed.pdb,data/DockGen/processed_files/1dgg_1_NDP_0/1dgg_1_NDP_1_ligand.pdb,
,data/DockGen/processed_files/1ha3_1_MAU_0/1ha3_1_MAU_0_protein_processed.pdb,data/DockGen/processed_files/1ha3_1_MAU_0/1ha3_1_MAU_0_ligand.pdb,
,data/DockGen/processed_files/1hg0_1_SIN_1/1hg0_1_SIN_1_protein_processed.pdb,data/DockGen/processed_files/1hg0_1_SIN_1/1hg0_1_SIN_0_ligand.pdb,
,data/DockGen/processed_files/1hg0_1_SIN_1/1hg0_1_SIN_1_protein_processed.pdb,data/DockGen/processed_files/1hg0_1_SIN_1/1hg0_1_SIN_1_ligand.pdb,
,data/DockGen/processed_files/1hg0_1_SIN_1/1hg0_1_SIN_1_protein_processed.pdb,data/DockGen/processed_files/1hg0_1_SIN_1/1hg0_1_SIN_2_ligand.pdb,
,data/DockGen/processed_files/1hg0_1_SIN_1/1hg0_1_SIN_1_protein_processed.pdb,data/DockGen/processed_files/1hg0_1_SIN_1/1hg0_1_SIN_3_ligand.pdb,
,data/DockGen/processed_files/1hw8_1_114_1/1hw8_1_114_1_protein_processed.pdb,data/DockGen/processed_files/1hw8_1_114_1/1hw8_1_114_0_ligand.pdb,
,data/DockGen/processed_files/1hw8_1_114_1/1hw8_1_114_1_protein_processed.pdb,data/DockGen/processed_files/1hw8_1_114_1/1hw8_1_114_1_ligand.pdb,
,data/DockGen/processed_files/1hw8_1_114_1/1hw8_1_114_1_protein_processed.pdb,data/DockGen/processed_files/1hw8_1_114_1/1hw8_1_114_2_ligand.pdb,
,data/DockGen/processed_files/1hw8_1_114_1/1hw8_1_114_1_protein_processed.pdb,data/DockGen/processed_files/1hw8_1_114_1/1hw8_1_114_3_ligand.pdb,
,data/DockGen/processed_files/1i8t_1_FAD_1/1i8t_1_FAD_1_protein_processed.pdb,data/DockGen/processed_files/1i8t_1_FAD_1/1i8t_1_FAD_0_ligand.pdb,
,data/DockGen/processed_files/1i8t_1_FAD_1/1i8t_1_FAD_1_protein_processed.pdb,data/DockGen/processed_files/1i8t_1_FAD_1/1i8t_1_FAD_1_ligand.pdb,
,data/DockGen/processed_files/1ig3_1_VIB_1/1ig3_1_VIB_1_protein_processed.pdb,data/DockGen/processed_files/1ig3_1_VIB_1/1ig3_1_VIB_0_ligand.pdb,
,data/DockGen/processed_files/1ig3_1_VIB_1/1ig3_1_VIB_1_protein_processed.pdb,data/DockGen/processed_files/1ig3_1_VIB_1/1ig3_1_VIB_1_ligand.pdb,
,data/DockGen/processed_files/1iyb_1_5GP_1/1iyb_1_5GP_1_protein_processed.pdb,data/DockGen/processed_files/1iyb_1_5GP_1/1iyb_1_5GP_0_ligand.pdb,
,data/DockGen/processed_files/1iyb_1_5GP_1/1iyb_1_5GP_1_protein_processed.pdb,data/DockGen/processed_files/1iyb_1_5GP_1/1iyb_1_5GP_1_ligand.pdb,
,data/DockGen/processed_files/1j1f_1_5GP_0/1j1f_1_5GP_0_protein_processed.pdb,data/DockGen/processed_files/1j1f_1_5GP_0/1j1f_1_5GP_0_ligand.pdb,
,data/DockGen/processed_files/1j1g_1_5GP_0/1j1g_1_5GP_0_protein_processed.pdb,data/DockGen/processed_files/1j1g_1_5GP_0/1j1g_1_5GP_0_ligand.pdb,
,data/DockGen/processed_files/1j1g_1_5GP_0/1j1g_1_5GP_0_protein_processed.pdb,data/DockGen/processed_files/1j1g_1_5GP_0/1j1g_1_5GP_1_ligand.pdb,
,data/DockGen/processed_files/1jhg_1_TRP_1/1jhg_1_TRP_1_protein_processed.pdb,data/DockGen/processed_files/1jhg_1_TRP_1/1jhg_1_TRP_0_ligand.pdb,
,data/DockGen/processed_files/1jhg_1_TRP_1/1jhg_1_TRP_1_protein_processed.pdb,data/DockGen/processed_files/1jhg_1_TRP_1/1jhg_1_TRP_1_ligand.pdb,
,data/DockGen/processed_files/1lri_1_CLR_0/1lri_1_CLR_0_protein_processed.pdb,data/DockGen/processed_files/1lri_1_CLR_0/1lri_1_CLR_0_ligand.pdb,
,data/DockGen/processed_files/1o28_1_UFP_2/1o28_1_UFP_2_protein_processed.pdb,data/DockGen/processed_files/1o28_1_UFP_2/1o28_1_UFP_0_ligand.pdb,
,data/DockGen/processed_files/1o28_1_UFP_2/1o28_1_UFP_2_protein_processed.pdb,data/DockGen/processed_files/1o28_1_UFP_2/1o28_1_UFP_1_ligand.pdb,
,data/DockGen/processed_files/1o28_1_UFP_2/1o28_1_UFP_2_protein_processed.pdb,data/DockGen/processed_files/1o28_1_UFP_2/1o28_1_UFP_2_ligand.pdb,
,data/DockGen/processed_files/1o28_1_UFP_2/1o28_1_UFP_2_protein_processed.pdb,data/DockGen/processed_files/1o28_1_UFP_2/1o28_1_UFP_3_ligand.pdb,
,data/DockGen/processed_files/1o72_2_PC_0/1o72_2_PC_0_protein_processed.pdb,data/DockGen/processed_files/1o72_2_PC_0/1o72_2_PC_0_ligand.pdb,
,data/DockGen/processed_files/1oj7_1_NZQ_0/1oj7_1_NZQ_0_protein_processed.pdb,data/DockGen/processed_files/1oj7_1_NZQ_0/1oj7_1_NZQ_0_ligand.pdb,
,data/DockGen/processed_files/1oj7_1_NZQ_0/1oj7_1_NZQ_0_protein_processed.pdb,data/DockGen/processed_files/1oj7_1_NZQ_0/1oj7_1_NZQ_1_ligand.pdb,
,data/DockGen/processed_files/1pj2_1_FUM_0/1pj2_1_FUM_0_protein_processed.pdb,data/DockGen/processed_files/1pj2_1_FUM_0/1pj2_1_FUM_0_ligand.pdb,
,data/DockGen/processed_files/1pj2_1_FUM_0/1pj2_1_FUM_0_protein_processed.pdb,data/DockGen/processed_files/1pj2_1_FUM_0/1pj2_1_FUM_1_ligand.pdb,
,data/DockGen/processed_files/1pj2_1_FUM_0/1pj2_1_FUM_0_protein_processed.pdb,data/DockGen/processed_files/1pj2_1_FUM_0/1pj2_1_FUM_2_ligand.pdb,
,data/DockGen/processed_files/1pj2_1_FUM_0/1pj2_1_FUM_0_protein_processed.pdb,data/DockGen/processed_files/1pj2_1_FUM_0/1pj2_1_FUM_3_ligand.pdb,
,data/DockGen/processed_files/1pj4_1_FUM_1/1pj4_1_FUM_1_protein_processed.pdb,data/DockGen/processed_files/1pj4_1_FUM_1/1pj4_1_FUM_0_ligand.pdb,
,data/DockGen/processed_files/1pj4_1_FUM_1/1pj4_1_FUM_1_protein_processed.pdb,data/DockGen/processed_files/1pj4_1_FUM_1/1pj4_1_FUM_1_ligand.pdb,
,data/DockGen/processed_files/1pj4_1_FUM_1/1pj4_1_FUM_1_protein_processed.pdb,data/DockGen/processed_files/1pj4_1_FUM_1/1pj4_1_FUM_2_ligand.pdb,
,data/DockGen/processed_files/1pj4_1_FUM_1/1pj4_1_FUM_1_protein_processed.pdb,data/DockGen/processed_files/1pj4_1_FUM_1/1pj4_1_FUM_3_ligand.pdb,
,data/DockGen/processed_files/1pj6_1_FOL_0/1pj6_1_FOL_0_protein_processed.pdb,data/DockGen/processed_files/1pj6_1_FOL_0/1pj6_1_FOL_0_ligand.pdb,
,data/DockGen/processed_files/1pj6_1_FOL_0/1pj6_1_FOL_0_protein_processed.pdb,data/DockGen/processed_files/1pj6_1_FOL_0/1pj6_1_FOL_1_ligand.pdb,
,data/DockGen/processed_files/1pj6_1_FOL_0/1pj6_1_FOL_0_protein_processed.pdb,data/DockGen/processed_files/1pj6_1_FOL_0/1pj6_1_FOL_2_ligand.pdb,
,data/DockGen/processed_files/1pj6_1_FOL_0/1pj6_1_FOL_0_protein_processed.pdb,data/DockGen/processed_files/1pj6_1_FOL_0/1pj6_1_FOL_3_ligand.pdb,
,data/DockGen/processed_files/1pj7_1_FFO_0/1pj7_1_FFO_0_protein_processed.pdb,data/DockGen/processed_files/1pj7_1_FFO_0/1pj7_1_FFO_0_ligand.pdb,
,data/DockGen/processed_files/1pj7_1_FFO_0/1pj7_1_FFO_0_protein_processed.pdb,data/DockGen/processed_files/1pj7_1_FFO_0/1pj7_1_FFO_1_ligand.pdb,
,data/DockGen/processed_files/1pj7_1_FFO_0/1pj7_1_FFO_0_protein_processed.pdb,data/DockGen/processed_files/1pj7_1_FFO_0/1pj7_1_FFO_2_ligand.pdb,
,data/DockGen/processed_files/1pj7_1_FFO_0/1pj7_1_FFO_0_protein_processed.pdb,data/DockGen/processed_files/1pj7_1_FFO_0/1pj7_1_FFO_3_ligand.pdb,
,data/DockGen/processed_files/1qaw_1_TRP_7/1qaw_1_TRP_7_protein_processed.pdb,data/DockGen/processed_files/1qaw_1_TRP_7/1qaw_1_TRP_0_ligand.pdb,
,data/DockGen/processed_files/1qaw_1_TRP_7/1qaw_1_TRP_7_protein_processed.pdb,data/DockGen/processed_files/1qaw_1_TRP_7/1qaw_1_TRP_10_ligand.pdb,
,data/DockGen/processed_files/1qaw_1_TRP_7/1qaw_1_TRP_7_protein_processed.pdb,data/DockGen/processed_files/1qaw_1_TRP_7/1qaw_1_TRP_1_ligand.pdb,
,data/DockGen/processed_files/1qaw_1_TRP_7/1qaw_1_TRP_7_protein_processed.pdb,data/DockGen/processed_files/1qaw_1_TRP_7/1qaw_1_TRP_2_ligand.pdb,
,data/DockGen/processed_files/1qaw_1_TRP_7/1qaw_1_TRP_7_protein_processed.pdb,data/DockGen/processed_files/1qaw_1_TRP_7/1qaw_1_TRP_3_ligand.pdb,
,data/DockGen/processed_files/1qaw_1_TRP_7/1qaw_1_TRP_7_protein_processed.pdb,data/DockGen/processed_files/1qaw_1_TRP_7/1qaw_1_TRP_4_ligand.pdb,
,data/DockGen/processed_files/1qaw_1_TRP_7/1qaw_1_TRP_7_protein_processed.pdb,data/DockGen/processed_files/1qaw_1_TRP_7/1qaw_1_TRP_5_ligand.pdb,
,data/DockGen/processed_files/1qaw_1_TRP_7/1qaw_1_TRP_7_protein_processed.pdb,data/DockGen/processed_files/1qaw_1_TRP_7/1qaw_1_TRP_6_ligand.pdb,
,data/DockGen/processed_files/1qaw_1_TRP_7/1qaw_1_TRP_7_protein_processed.pdb,data/DockGen/processed_files/1qaw_1_TRP_7/1qaw_1_TRP_7_ligand.pdb,
,data/DockGen/processed_files/1qaw_1_TRP_7/1qaw_1_TRP_7_protein_processed.pdb,data/DockGen/processed_files/1qaw_1_TRP_7/1qaw_1_TRP_8_ligand.pdb,
,data/DockGen/processed_files/1qaw_1_TRP_7/1qaw_1_TRP_7_protein_processed.pdb,data/DockGen/processed_files/1qaw_1_TRP_7/1qaw_1_TRP_9_ligand.pdb,
,data/DockGen/processed_files/1rqp_1_SAM_0/1rqp_1_SAM_0_protein_processed.pdb,data/DockGen/processed_files/1rqp_1_SAM_0/1rqp_1_SAM_0_ligand.pdb,
,data/DockGen/processed_files/1rqp_1_SAM_0/1rqp_1_SAM_0_protein_processed.pdb,data/DockGen/processed_files/1rqp_1_SAM_0/1rqp_1_SAM_1_ligand.pdb,
,data/DockGen/processed_files/1rqp_1_SAM_0/1rqp_1_SAM_0_protein_processed.pdb,data/DockGen/processed_files/1rqp_1_SAM_0/1rqp_1_SAM_2_ligand.pdb,
,data/DockGen/processed_files/1rqp_1_SAM_0/1rqp_1_SAM_0_protein_processed.pdb,data/DockGen/processed_files/1rqp_1_SAM_0/1rqp_1_SAM_3_ligand.pdb,
,data/DockGen/processed_files/1rqp_1_SAM_0/1rqp_1_SAM_0_protein_processed.pdb,data/DockGen/processed_files/1rqp_1_SAM_0/1rqp_1_SAM_4_ligand.pdb,
,data/DockGen/processed_files/1rqp_1_SAM_0/1rqp_1_SAM_0_protein_processed.pdb,data/DockGen/processed_files/1rqp_1_SAM_0/1rqp_1_SAM_5_ligand.pdb,
,data/DockGen/processed_files/1sbz_1_FMN_3/1sbz_1_FMN_3_protein_processed.pdb,data/DockGen/processed_files/1sbz_1_FMN_3/1sbz_1_FMN_0_ligand.pdb,
,data/DockGen/processed_files/1sbz_1_FMN_3/1sbz_1_FMN_3_protein_processed.pdb,data/DockGen/processed_files/1sbz_1_FMN_3/1sbz_1_FMN_10_ligand.pdb,
,data/DockGen/processed_files/1sbz_1_FMN_3/1sbz_1_FMN_3_protein_processed.pdb,data/DockGen/processed_files/1sbz_1_FMN_3/1sbz_1_FMN_11_ligand.pdb,
,data/DockGen/processed_files/1sbz_1_FMN_3/1sbz_1_FMN_3_protein_processed.pdb,data/DockGen/processed_files/1sbz_1_FMN_3/1sbz_1_FMN_1_ligand.pdb,
,data/DockGen/processed_files/1sbz_1_FMN_3/1sbz_1_FMN_3_protein_processed.pdb,data/DockGen/processed_files/1sbz_1_FMN_3/1sbz_1_FMN_2_ligand.pdb,
,data/DockGen/processed_files/1sbz_1_FMN_3/1sbz_1_FMN_3_protein_processed.pdb,data/DockGen/processed_files/1sbz_1_FMN_3/1sbz_1_FMN_3_ligand.pdb,
,data/DockGen/processed_files/1sbz_1_FMN_3/1sbz_1_FMN_3_protein_processed.pdb,data/DockGen/processed_files/1sbz_1_FMN_3/1sbz_1_FMN_4_ligand.pdb,
,data/DockGen/processed_files/1sbz_1_FMN_3/1sbz_1_FMN_3_protein_processed.pdb,data/DockGen/processed_files/1sbz_1_FMN_3/1sbz_1_FMN_5_ligand.pdb,
,data/DockGen/processed_files/1sbz_1_FMN_3/1sbz_1_FMN_3_protein_processed.pdb,data/DockGen/processed_files/1sbz_1_FMN_3/1sbz_1_FMN_6_ligand.pdb,
,data/DockGen/processed_files/1sbz_1_FMN_3/1sbz_1_FMN_3_protein_processed.pdb,data/DockGen/processed_files/1sbz_1_FMN_3/1sbz_1_FMN_7_ligand.pdb,
,data/DockGen/processed_files/1sbz_1_FMN_3/1sbz_1_FMN_3_protein_processed.pdb,data/DockGen/processed_files/1sbz_1_FMN_3/1sbz_1_FMN_8_ligand.pdb,
,data/DockGen/processed_files/1sbz_1_FMN_3/1sbz_1_FMN_3_protein_processed.pdb,data/DockGen/processed_files/1sbz_1_FMN_3/1sbz_1_FMN_9_ligand.pdb,
,data/DockGen/processed_files/1sij_1_PCD_0/1sij_1_PCD_0_protein_processed.pdb,data/DockGen/processed_files/1sij_1_PCD_0/1sij_1_PCD_0_ligand.pdb,
,data/DockGen/processed_files/1tke_1_SER_0/1tke_1_SER_0_protein_processed.pdb,data/DockGen/processed_files/1tke_1_SER_0/1tke_1_SER_0_ligand.pdb,
,data/DockGen/processed_files/1tkg_1_SSA_0/1tkg_1_SSA_0_protein_processed.pdb,data/DockGen/processed_files/1tkg_1_SSA_0/1tkg_1_SSA_0_ligand.pdb,
,data/DockGen/processed_files/1u8u_1_OCA_0/1u8u_1_OCA_0_protein_processed.pdb,data/DockGen/processed_files/1u8u_1_OCA_0/1u8u_1_OCA_0_ligand.pdb,
,data/DockGen/processed_files/1uf5_1_CDT_0/1uf5_1_CDT_0_protein_processed.pdb,data/DockGen/processed_files/1uf5_1_CDT_0/1uf5_1_CDT_0_ligand.pdb,
,data/DockGen/processed_files/1uf5_1_CDT_0/1uf5_1_CDT_0_protein_processed.pdb,data/DockGen/processed_files/1uf5_1_CDT_0/1uf5_1_CDT_1_ligand.pdb,
,data/DockGen/processed_files/1uf5_1_CDT_0/1uf5_1_CDT_0_protein_processed.pdb,data/DockGen/processed_files/1uf5_1_CDT_0/1uf5_1_CDT_2_ligand.pdb,
,data/DockGen/processed_files/1uf5_1_CDT_0/1uf5_1_CDT_0_protein_processed.pdb,data/DockGen/processed_files/1uf5_1_CDT_0/1uf5_1_CDT_3_ligand.pdb,
,data/DockGen/processed_files/1uf7_1_CDV_0/1uf7_1_CDV_0_protein_processed.pdb,data/DockGen/processed_files/1uf7_1_CDV_0/1uf7_1_CDV_0_ligand.pdb,
,data/DockGen/processed_files/1uf7_1_CDV_0/1uf7_1_CDV_0_protein_processed.pdb,data/DockGen/processed_files/1uf7_1_CDV_0/1uf7_1_CDV_1_ligand.pdb,
,data/DockGen/processed_files/1uf7_1_CDV_0/1uf7_1_CDV_0_protein_processed.pdb,data/DockGen/processed_files/1uf7_1_CDV_0/1uf7_1_CDV_2_ligand.pdb,
,data/DockGen/processed_files/1uf7_1_CDV_0/1uf7_1_CDV_0_protein_processed.pdb,data/DockGen/processed_files/1uf7_1_CDV_0/1uf7_1_CDV_3_ligand.pdb,
,data/DockGen/processed_files/4gk9_1_BMA-MAN-MAN-MAN-MAN_3/4gk9_1_BMA-MAN-MAN-MAN-MAN_3_protein_processed.pdb,data/DockGen/processed_files/4gk9_1_BMA-MAN-MAN-MAN-MAN_3/4gk9_1_BMA-MAN-MAN-MAN-MAN_0_ligand.pdb,
,data/DockGen/processed_files/4gk9_1_BMA-MAN-MAN-MAN-MAN_3/4gk9_1_BMA-MAN-MAN-MAN-MAN_3_protein_processed.pdb,data/DockGen/processed_files/4gk9_1_BMA-MAN-MAN-MAN-MAN_3/4gk9_1_BMA-MAN-MAN-MAN-MAN_1_ligand.pdb,
,data/DockGen/processed_files/4gk9_1_BMA-MAN-MAN-MAN-MAN_3/4gk9_1_BMA-MAN-MAN-MAN-MAN_3_protein_processed.pdb,data/DockGen/processed_files/4gk9_1_BMA-MAN-MAN-MAN-MAN_3/4gk9_1_BMA-MAN-MAN-MAN-MAN_2_ligand.pdb,
,data/DockGen/processed_files/4gk9_1_BMA-MAN-MAN-MAN-MAN_3/4gk9_1_BMA-MAN-MAN-MAN-MAN_3_protein_processed.pdb,data/DockGen/processed_files/4gk9_1_BMA-MAN-MAN-MAN-MAN_3/4gk9_1_BMA-MAN-MAN-MAN-MAN_3_ligand.pdb,
,data/DockGen/processed_files/4gvy_1_CIR_0/4gvy_1_CIR_0_protein_processed.pdb,data/DockGen/processed_files/4gvy_1_CIR_0/4gvy_1_CIR_0_ligand.pdb,
,data/DockGen/processed_files/4h2f_1_ADN_0/4h2f_1_ADN_0_protein_processed.pdb,data/DockGen/processed_files/4h2f_1_ADN_0/4h2f_1_ADN_0_ligand.pdb,
,data/DockGen/processed_files/4h2f_1_ADN_0/4h2f_1_ADN_0_protein_processed.pdb,data/DockGen/processed_files/4h2f_1_ADN_0/4h2f_1_ADN_1_ligand.pdb,
,data/DockGen/processed_files/4h8a_1_NAI_0/4h8a_1_NAI_0_protein_processed.pdb,data/DockGen/processed_files/4h8a_1_NAI_0/4h8a_1_NAI_0_ligand.pdb,
,data/DockGen/processed_files/4h8a_1_NAI_0/4h8a_1_NAI_0_protein_processed.pdb,data/DockGen/processed_files/4h8a_1_NAI_0/4h8a_1_NAI_1_ligand.pdb,
,data/DockGen/processed_files/4hdr_1_DMD_0/4hdr_1_DMD_0_protein_processed.pdb,data/DockGen/processed_files/4hdr_1_DMD_0/4hdr_1_DMD_0_ligand.pdb,
,data/DockGen/processed_files/4i4i_1_PEP_2/4i4i_1_PEP_2_protein_processed.pdb,data/DockGen/processed_files/4i4i_1_PEP_2/4i4i_1_PEP_0_ligand.pdb,
,data/DockGen/processed_files/4i4i_1_PEP_2/4i4i_1_PEP_2_protein_processed.pdb,data/DockGen/processed_files/4i4i_1_PEP_2/4i4i_1_PEP_1_ligand.pdb,
,data/DockGen/processed_files/4i4i_1_PEP_2/4i4i_1_PEP_2_protein_processed.pdb,data/DockGen/processed_files/4i4i_1_PEP_2/4i4i_1_PEP_2_ligand.pdb,
,data/DockGen/processed_files/4i4i_1_PEP_2/4i4i_1_PEP_2_protein_processed.pdb,data/DockGen/processed_files/4i4i_1_PEP_2/4i4i_1_PEP_3_ligand.pdb,
,data/DockGen/processed_files/4i7e_1_PEP_3/4i7e_1_PEP_3_protein_processed.pdb,data/DockGen/processed_files/4i7e_1_PEP_3/4i7e_1_PEP_0_ligand.pdb,
,data/DockGen/processed_files/4i7e_1_PEP_3/4i7e_1_PEP_3_protein_processed.pdb,data/DockGen/processed_files/4i7e_1_PEP_3/4i7e_1_PEP_1_ligand.pdb,
,data/DockGen/processed_files/4i7e_1_PEP_3/4i7e_1_PEP_3_protein_processed.pdb,data/DockGen/processed_files/4i7e_1_PEP_3/4i7e_1_PEP_2_ligand.pdb,
,data/DockGen/processed_files/4i7e_1_PEP_3/4i7e_1_PEP_3_protein_processed.pdb,data/DockGen/processed_files/4i7e_1_PEP_3/4i7e_1_PEP_3_ligand.pdb,
,data/DockGen/processed_files/4idk_1_1FE_0/4idk_1_1FE_0_protein_processed.pdb,data/DockGen/processed_files/4idk_1_1FE_0/4idk_1_1FE_0_ligand.pdb,
,data/DockGen/processed_files/4jrb_1_PGT_0/4jrb_1_PGT_0_protein_processed.pdb,data/DockGen/processed_files/4jrb_1_PGT_0/4jrb_1_PGT_0_ligand.pdb,
,data/DockGen/processed_files/4kgx_1_CTP_5/4kgx_1_CTP_5_protein_processed.pdb,data/DockGen/processed_files/4kgx_1_CTP_5/4kgx_1_CTP_0_ligand.pdb,
,data/DockGen/processed_files/4kgx_1_CTP_5/4kgx_1_CTP_5_protein_processed.pdb,data/DockGen/processed_files/4kgx_1_CTP_5/4kgx_1_CTP_1_ligand.pdb,
,data/DockGen/processed_files/4kgx_1_CTP_5/4kgx_1_CTP_5_protein_processed.pdb,data/DockGen/processed_files/4kgx_1_CTP_5/4kgx_1_CTP_2_ligand.pdb,
,data/DockGen/processed_files/4kgx_1_CTP_5/4kgx_1_CTP_5_protein_processed.pdb,data/DockGen/processed_files/4kgx_1_CTP_5/4kgx_1_CTP_3_ligand.pdb,
,data/DockGen/processed_files/4kgx_1_CTP_5/4kgx_1_CTP_5_protein_processed.pdb,data/DockGen/processed_files/4kgx_1_CTP_5/4kgx_1_CTP_4_ligand.pdb,
,data/DockGen/processed_files/4kgx_1_CTP_5/4kgx_1_CTP_5_protein_processed.pdb,data/DockGen/processed_files/4kgx_1_CTP_5/4kgx_1_CTP_5_ligand.pdb,
,data/DockGen/processed_files/4mae_1_PQQ_1/4mae_1_PQQ_1_protein_processed.pdb,data/DockGen/processed_files/4mae_1_PQQ_1/4mae_1_PQQ_0_ligand.pdb,
,data/DockGen/processed_files/4mae_1_PQQ_1/4mae_1_PQQ_1_protein_processed.pdb,data/DockGen/processed_files/4mae_1_PQQ_1/4mae_1_PQQ_1_ligand.pdb,
,data/DockGen/processed_files/4mig_1_G3F_2/4mig_1_G3F_2_protein_processed.pdb,data/DockGen/processed_files/4mig_1_G3F_2/4mig_1_G3F_0_ligand.pdb,
,data/DockGen/processed_files/4mig_1_G3F_2/4mig_1_G3F_2_protein_processed.pdb,data/DockGen/processed_files/4mig_1_G3F_2/4mig_1_G3F_1_ligand.pdb,
,data/DockGen/processed_files/4mig_1_G3F_2/4mig_1_G3F_2_protein_processed.pdb,data/DockGen/processed_files/4mig_1_G3F_2/4mig_1_G3F_2_ligand.pdb,
,data/DockGen/processed_files/4mig_1_G3F_2/4mig_1_G3F_2_protein_processed.pdb,data/DockGen/processed_files/4mig_1_G3F_2/4mig_1_G3F_3_ligand.pdb,
,data/DockGen/processed_files/4mo2_2_FDA_0/4mo2_2_FDA_0_protein_processed.pdb,data/DockGen/processed_files/4mo2_2_FDA_0/4mo2_2_FDA_0_ligand.pdb,
,data/DockGen/processed_files/4mos_1_GAF_1/4mos_1_GAF_1_protein_processed.pdb,data/DockGen/processed_files/4mos_1_GAF_1/4mos_1_GAF_0_ligand.pdb,
,data/DockGen/processed_files/4mos_1_GAF_1/4mos_1_GAF_1_protein_processed.pdb,data/DockGen/processed_files/4mos_1_GAF_1/4mos_1_GAF_1_ligand.pdb,
,data/DockGen/processed_files/4mos_1_GAF_1/4mos_1_GAF_1_protein_processed.pdb,data/DockGen/processed_files/4mos_1_GAF_1/4mos_1_GAF_2_ligand.pdb,
,data/DockGen/processed_files/4mos_1_GAF_1/4mos_1_GAF_1_protein_processed.pdb,data/DockGen/processed_files/4mos_1_GAF_1/4mos_1_GAF_3_ligand.pdb,
,data/DockGen/processed_files/4n4l_1_HG1_0/4n4l_1_HG1_0_protein_processed.pdb,data/DockGen/processed_files/4n4l_1_HG1_0/4n4l_1_HG1_0_ligand.pdb,
,data/DockGen/processed_files/4n4l_1_HG1_0/4n4l_1_HG1_0_protein_processed.pdb,data/DockGen/processed_files/4n4l_1_HG1_0/4n4l_1_HG1_1_ligand.pdb,
,data/DockGen/processed_files/4n4l_1_HG1_0/4n4l_1_HG1_0_protein_processed.pdb,data/DockGen/processed_files/4n4l_1_HG1_0/4n4l_1_HG1_2_ligand.pdb,
,data/DockGen/processed_files/4nwx_1_2PG_0/4nwx_1_2PG_0_protein_processed.pdb,data/DockGen/processed_files/4nwx_1_2PG_0/4nwx_1_2PG_0_ligand.pdb,
,data/DockGen/processed_files/4o0d_1_GLY_3/4o0d_1_GLY_3_protein_processed.pdb,data/DockGen/processed_files/4o0d_1_GLY_3/4o0d_1_GLY_0_ligand.pdb,
,data/DockGen/processed_files/4o0d_1_GLY_3/4o0d_1_GLY_3_protein_processed.pdb,data/DockGen/processed_files/4o0d_1_GLY_3/4o0d_1_GLY_1_ligand.pdb,
,data/DockGen/processed_files/4o0d_1_GLY_3/4o0d_1_GLY_3_protein_processed.pdb,data/DockGen/processed_files/4o0d_1_GLY_3/4o0d_1_GLY_2_ligand.pdb,
,data/DockGen/processed_files/4o0d_1_GLY_3/4o0d_1_GLY_3_protein_processed.pdb,data/DockGen/processed_files/4o0d_1_GLY_3/4o0d_1_GLY_3_ligand.pdb,
,data/DockGen/processed_files/4o0f_1_GLY_3/4o0f_1_GLY_3_protein_processed.pdb,data/DockGen/processed_files/4o0f_1_GLY_3/4o0f_1_GLY_0_ligand.pdb,
,data/DockGen/processed_files/4o0f_1_GLY_3/4o0f_1_GLY_3_protein_processed.pdb,data/DockGen/processed_files/4o0f_1_GLY_3/4o0f_1_GLY_1_ligand.pdb,
,data/DockGen/processed_files/4o0f_1_GLY_3/4o0f_1_GLY_3_protein_processed.pdb,data/DockGen/processed_files/4o0f_1_GLY_3/4o0f_1_GLY_2_ligand.pdb,
,data/DockGen/processed_files/4o0f_1_GLY_3/4o0f_1_GLY_3_protein_processed.pdb,data/DockGen/processed_files/4o0f_1_GLY_3/4o0f_1_GLY_3_ligand.pdb,
,data/DockGen/processed_files/4o95_1_245_0/4o95_1_245_0_protein_processed.pdb,data/DockGen/processed_files/4o95_1_245_0/4o95_1_245_0_ligand.pdb,
,data/DockGen/processed_files/4oal_2_245_0/4oal_2_245_0_protein_processed.pdb,data/DockGen/processed_files/4oal_2_245_0/4oal_2_245_0_ligand.pdb,
,data/DockGen/processed_files/4osx_1_GLY_2/4osx_1_GLY_2_protein_processed.pdb,data/DockGen/processed_files/4osx_1_GLY_2/4osx_1_GLY_0_ligand.pdb,
,data/DockGen/processed_files/4osx_1_GLY_2/4osx_1_GLY_2_protein_processed.pdb,data/DockGen/processed_files/4osx_1_GLY_2/4osx_1_GLY_1_ligand.pdb,
,data/DockGen/processed_files/4osx_1_GLY_2/4osx_1_GLY_2_protein_processed.pdb,data/DockGen/processed_files/4osx_1_GLY_2/4osx_1_GLY_2_ligand.pdb,
,data/DockGen/processed_files/4osx_1_GLY_2/4osx_1_GLY_2_protein_processed.pdb,data/DockGen/processed_files/4osx_1_GLY_2/4osx_1_GLY_3_ligand.pdb,
,data/DockGen/processed_files/4osx_1_GLY_2/4osx_1_GLY_2_protein_processed.pdb,data/DockGen/processed_files/4osx_1_GLY_2/4osx_1_GLY_4_ligand.pdb,
,data/DockGen/processed_files/2o5m_1_MNR_0/2o5m_1_MNR_0_protein_processed.pdb,data/DockGen/processed_files/2o5m_1_MNR_0/2o5m_1_MNR_0_ligand.pdb,
,data/DockGen/processed_files/2q37_1_3AL_0/2q37_1_3AL_0_protein_processed.pdb,data/DockGen/processed_files/2q37_1_3AL_0/2q37_1_3AL_0_ligand.pdb,
,data/DockGen/processed_files/2q37_1_3AL_0/2q37_1_3AL_0_protein_processed.pdb,data/DockGen/processed_files/2q37_1_3AL_0/2q37_1_3AL_1_ligand.pdb,
,data/DockGen/processed_files/2q6k_1_ADN_1/2q6k_1_ADN_1_protein_processed.pdb,data/DockGen/processed_files/2q6k_1_ADN_1/2q6k_1_ADN_0_ligand.pdb,
,data/DockGen/processed_files/2q6k_1_ADN_1/2q6k_1_ADN_1_protein_processed.pdb,data/DockGen/processed_files/2q6k_1_ADN_1/2q6k_1_ADN_1_ligand.pdb,
,data/DockGen/processed_files/2q6k_1_ADN_1/2q6k_1_ADN_1_protein_processed.pdb,data/DockGen/processed_files/2q6k_1_ADN_1/2q6k_1_ADN_2_ligand.pdb,
,data/DockGen/processed_files/2qv7_2_ADP_0/2qv7_2_ADP_0_protein_processed.pdb,data/DockGen/processed_files/2qv7_2_ADP_0/2qv7_2_ADP_0_ligand.pdb,
,data/DockGen/processed_files/2qv7_2_ADP_0/2qv7_2_ADP_0_protein_processed.pdb,data/DockGen/processed_files/2qv7_2_ADP_0/2qv7_2_ADP_1_ligand.pdb,
,data/DockGen/processed_files/2r4e_1_13P_0/2r4e_1_13P_0_protein_processed.pdb,data/DockGen/processed_files/2r4e_1_13P_0/2r4e_1_13P_0_ligand.pdb,
,data/DockGen/processed_files/2v5e_1_GU4-YYJ_0/2v5e_1_GU4-YYJ_0_protein_processed.pdb,data/DockGen/processed_files/2v5e_1_GU4-YYJ_0/2v5e_1_GU4-YYJ_0_ligand.pdb,
,data/DockGen/processed_files/2v5e_1_GU4-YYJ_0/2v5e_1_GU4-YYJ_0_protein_processed.pdb,data/DockGen/processed_files/2v5e_1_GU4-YYJ_0/2v5e_1_GU4-YYJ_1_ligand.pdb,
,data/DockGen/processed_files/2v7t_1_SAH_4/2v7t_1_SAH_4_protein_processed.pdb,data/DockGen/processed_files/2v7t_1_SAH_4/2v7t_1_SAH_0_ligand.pdb,
,data/DockGen/processed_files/2v7t_1_SAH_4/2v7t_1_SAH_4_protein_processed.pdb,data/DockGen/processed_files/2v7t_1_SAH_4/2v7t_1_SAH_1_ligand.pdb,
,data/DockGen/processed_files/2v7t_1_SAH_4/2v7t_1_SAH_4_protein_processed.pdb,data/DockGen/processed_files/2v7t_1_SAH_4/2v7t_1_SAH_2_ligand.pdb,
,data/DockGen/processed_files/2v7t_1_SAH_4/2v7t_1_SAH_4_protein_processed.pdb,data/DockGen/processed_files/2v7t_1_SAH_4/2v7t_1_SAH_3_ligand.pdb,
,data/DockGen/processed_files/2v7t_1_SAH_4/2v7t_1_SAH_4_protein_processed.pdb,data/DockGen/processed_files/2v7t_1_SAH_4/2v7t_1_SAH_4_ligand.pdb,
,data/DockGen/processed_files/2v7t_1_SAH_4/2v7t_1_SAH_4_protein_processed.pdb,data/DockGen/processed_files/2v7t_1_SAH_4/2v7t_1_SAH_5_ligand.pdb,
,data/DockGen/processed_files/2v7u_1_SAM_2/2v7u_1_SAM_2_protein_processed.pdb,data/DockGen/processed_files/2v7u_1_SAM_2/2v7u_1_SAM_0_ligand.pdb,
,data/DockGen/processed_files/2v7u_1_SAM_2/2v7u_1_SAM_2_protein_processed.pdb,data/DockGen/processed_files/2v7u_1_SAM_2/2v7u_1_SAM_1_ligand.pdb,
,data/DockGen/processed_files/2v7u_1_SAM_2/2v7u_1_SAM_2_protein_processed.pdb,data/DockGen/processed_files/2v7u_1_SAM_2/2v7u_1_SAM_2_ligand.pdb,
,data/DockGen/processed_files/2v7u_1_SAM_2/2v7u_1_SAM_2_protein_processed.pdb,data/DockGen/processed_files/2v7u_1_SAM_2/2v7u_1_SAM_3_ligand.pdb,
,data/DockGen/processed_files/2v7u_1_SAM_2/2v7u_1_SAM_2_protein_processed.pdb,data/DockGen/processed_files/2v7u_1_SAM_2/2v7u_1_SAM_4_ligand.pdb,
,data/DockGen/processed_files/2v7u_1_SAM_2/2v7u_1_SAM_2_protein_processed.pdb,data/DockGen/processed_files/2v7u_1_SAM_2/2v7u_1_SAM_5_ligand.pdb,
,data/DockGen/processed_files/2v7v_1_5FD_0/2v7v_1_5FD_0_protein_processed.pdb,data/DockGen/processed_files/2v7v_1_5FD_0/2v7v_1_5FD_0_ligand.pdb,
,data/DockGen/processed_files/2v7v_1_5FD_0/2v7v_1_5FD_0_protein_processed.pdb,data/DockGen/processed_files/2v7v_1_5FD_0/2v7v_1_5FD_1_ligand.pdb,
,data/DockGen/processed_files/2v7v_1_5FD_0/2v7v_1_5FD_0_protein_processed.pdb,data/DockGen/processed_files/2v7v_1_5FD_0/2v7v_1_5FD_2_ligand.pdb,
,data/DockGen/processed_files/2v7v_1_5FD_0/2v7v_1_5FD_0_protein_processed.pdb,data/DockGen/processed_files/2v7v_1_5FD_0/2v7v_1_5FD_3_ligand.pdb,
,data/DockGen/processed_files/2v7v_1_5FD_0/2v7v_1_5FD_0_protein_processed.pdb,data/DockGen/processed_files/2v7v_1_5FD_0/2v7v_1_5FD_4_ligand.pdb,
,data/DockGen/processed_files/2v7v_1_5FD_0/2v7v_1_5FD_0_protein_processed.pdb,data/DockGen/processed_files/2v7v_1_5FD_0/2v7v_1_5FD_5_ligand.pdb,
,data/DockGen/processed_files/2v7w_1_5FD_0/2v7w_1_5FD_0_protein_processed.pdb,data/DockGen/processed_files/2v7w_1_5FD_0/2v7w_1_5FD_0_ligand.pdb,
,data/DockGen/processed_files/2v7w_1_5FD_0/2v7w_1_5FD_0_protein_processed.pdb,data/DockGen/processed_files/2v7w_1_5FD_0/2v7w_1_5FD_1_ligand.pdb,
,data/DockGen/processed_files/2v7w_1_5FD_0/2v7w_1_5FD_0_protein_processed.pdb,data/DockGen/processed_files/2v7w_1_5FD_0/2v7w_1_5FD_2_ligand.pdb,
,data/DockGen/processed_files/2v7w_1_5FD_0/2v7w_1_5FD_0_protein_processed.pdb,data/DockGen/processed_files/2v7w_1_5FD_0/2v7w_1_5FD_3_ligand.pdb,
,data/DockGen/processed_files/2v7w_1_5FD_0/2v7w_1_5FD_0_protein_processed.pdb,data/DockGen/processed_files/2v7w_1_5FD_0/2v7w_1_5FD_4_ligand.pdb,
,data/DockGen/processed_files/2v7w_1_5FD_0/2v7w_1_5FD_0_protein_processed.pdb,data/DockGen/processed_files/2v7w_1_5FD_0/2v7w_1_5FD_5_ligand.pdb,
,data/DockGen/processed_files/2v8e_1_GU4-YYJ_0/2v8e_1_GU4-YYJ_0_protein_processed.pdb,data/DockGen/processed_files/2v8e_1_GU4-YYJ_0/2v8e_1_GU4-YYJ_0_ligand.pdb,
,data/DockGen/processed_files/2vdf_1_OCT_0/2vdf_1_OCT_0_protein_processed.pdb,data/DockGen/processed_files/2vdf_1_OCT_0/2vdf_1_OCT_0_ligand.pdb,
,data/DockGen/processed_files/2vfu_1_MTL_0/2vfu_1_MTL_0_protein_processed.pdb,data/DockGen/processed_files/2vfu_1_MTL_0/2vfu_1_MTL_0_ligand.pdb,
,data/DockGen/processed_files/2vnh_1_NAP_0/2vnh_1_NAP_0_protein_processed.pdb,data/DockGen/processed_files/2vnh_1_NAP_0/2vnh_1_NAP_0_ligand.pdb,
,data/DockGen/processed_files/2vni_1_A2P_0/2vni_1_A2P_0_protein_processed.pdb,data/DockGen/processed_files/2vni_1_A2P_0/2vni_1_A2P_0_ligand.pdb,
,data/DockGen/processed_files/2wab_1_BGC-BGC-BGC-BGC-BGC_0/2wab_1_BGC-BGC-BGC-BGC-BGC_0_protein_processed.pdb,data/DockGen/processed_files/2wab_1_BGC-BGC-BGC-BGC-BGC_0/2wab_1_BGC-BGC-BGC-BGC-BGC_0_ligand.pdb,
,data/DockGen/processed_files/2wao_1_BGC-BGC-BGC-BGC-BGC_0/2wao_1_BGC-BGC-BGC-BGC-BGC_0_protein_processed.pdb,data/DockGen/processed_files/2wao_1_BGC-BGC-BGC-BGC-BGC_0/2wao_1_BGC-BGC-BGC-BGC-BGC_0_ligand.pdb,
,data/DockGen/processed_files/2wds_1_COA_2/2wds_1_COA_2_protein_processed.pdb,data/DockGen/processed_files/2wds_1_COA_2/2wds_1_COA_0_ligand.pdb,
,data/DockGen/processed_files/2wds_1_COA_2/2wds_1_COA_2_protein_processed.pdb,data/DockGen/processed_files/2wds_1_COA_2/2wds_1_COA_1_ligand.pdb,
,data/DockGen/processed_files/2wds_1_COA_2/2wds_1_COA_2_protein_processed.pdb,data/DockGen/processed_files/2wds_1_COA_2/2wds_1_COA_2_ligand.pdb,
,data/DockGen/processed_files/2wdy_1_COA_1/2wdy_1_COA_1_protein_processed.pdb,data/DockGen/processed_files/2wdy_1_COA_1/2wdy_1_COA_0_ligand.pdb,
,data/DockGen/processed_files/2wdy_1_COA_1/2wdy_1_COA_1_protein_processed.pdb,data/DockGen/processed_files/2wdy_1_COA_1/2wdy_1_COA_1_ligand.pdb,
,data/DockGen/processed_files/2wdy_1_COA_1/2wdy_1_COA_1_protein_processed.pdb,data/DockGen/processed_files/2wdy_1_COA_1/2wdy_1_COA_2_ligand.pdb,
,data/DockGen/processed_files/2wr8_1_SAH_1/2wr8_1_SAH_1_protein_processed.pdb,data/DockGen/processed_files/2wr8_1_SAH_1/2wr8_1_SAH_0_ligand.pdb,
,data/DockGen/processed_files/2wr8_1_SAH_1/2wr8_1_SAH_1_protein_processed.pdb,data/DockGen/processed_files/2wr8_1_SAH_1/2wr8_1_SAH_1_ligand.pdb,
,data/DockGen/processed_files/2wr8_1_SAH_1/2wr8_1_SAH_1_protein_processed.pdb,data/DockGen/processed_files/2wr8_1_SAH_1/2wr8_1_SAH_2_ligand.pdb,
,data/DockGen/processed_files/5hwk_2_BEZ_0/5hwk_2_BEZ_0_protein_processed.pdb,data/DockGen/processed_files/5hwk_2_BEZ_0/5hwk_2_BEZ_0_ligand.pdb,
,data/DockGen/processed_files/5i5w_1_68B_0/5i5w_1_68B_0_protein_processed.pdb,data/DockGen/processed_files/5i5w_1_68B_0/5i5w_1_68B_0_ligand.pdb,
,data/DockGen/processed_files/5i5w_1_68B_0/5i5w_1_68B_0_protein_processed.pdb,data/DockGen/processed_files/5i5w_1_68B_0/5i5w_1_68B_1_ligand.pdb,
,data/DockGen/processed_files/5ida_1_BMA_0/5ida_1_BMA_0_protein_processed.pdb,data/DockGen/processed_files/5ida_1_BMA_0/5ida_1_BMA_0_ligand.pdb,
,data/DockGen/processed_files/5jbf_1_GLC-GLC_0/5jbf_1_GLC-GLC_0_protein_processed.pdb,data/DockGen/processed_files/5jbf_1_GLC-GLC_0/5jbf_1_GLC-GLC_0_ligand.pdb,
,data/DockGen/processed_files/5jbf_1_GLC-GLC_0/5jbf_1_GLC-GLC_0_protein_processed.pdb,data/DockGen/processed_files/5jbf_1_GLC-GLC_0/5jbf_1_GLC-GLC_1_ligand.pdb,
,data/DockGen/processed_files/5k21_1_6QF_2/5k21_1_6QF_2_protein_processed.pdb,data/DockGen/processed_files/5k21_1_6QF_2/5k21_1_6QF_0_ligand.pdb,
,data/DockGen/processed_files/5k21_1_6QF_2/5k21_1_6QF_2_protein_processed.pdb,data/DockGen/processed_files/5k21_1_6QF_2/5k21_1_6QF_1_ligand.pdb,
,data/DockGen/processed_files/5k21_1_6QF_2/5k21_1_6QF_2_protein_processed.pdb,data/DockGen/processed_files/5k21_1_6QF_2/5k21_1_6QF_2_ligand.pdb,
,data/DockGen/processed_files/5k3o_2_ASP_0/5k3o_2_ASP_0_protein_processed.pdb,data/DockGen/processed_files/5k3o_2_ASP_0/5k3o_2_ASP_0_ligand.pdb,
,data/DockGen/processed_files/5k3o_2_ASP_0/5k3o_2_ASP_0_protein_processed.pdb,data/DockGen/processed_files/5k3o_2_ASP_0/5k3o_2_ASP_1_ligand.pdb,
,data/DockGen/processed_files/5k3o_2_ASP_0/5k3o_2_ASP_0_protein_processed.pdb,data/DockGen/processed_files/5k3o_2_ASP_0/5k3o_2_ASP_2_ligand.pdb,
,data/DockGen/processed_files/5k3o_2_ASP_0/5k3o_2_ASP_0_protein_processed.pdb,data/DockGen/processed_files/5k3o_2_ASP_0/5k3o_2_ASP_3_ligand.pdb,
,data/DockGen/processed_files/5k45_2_GLU_1/5k45_2_GLU_1_protein_processed.pdb,data/DockGen/processed_files/5k45_2_GLU_1/5k45_2_GLU_0_ligand.pdb,
,data/DockGen/processed_files/5k45_2_GLU_1/5k45_2_GLU_1_protein_processed.pdb,data/DockGen/processed_files/5k45_2_GLU_1/5k45_2_GLU_1_ligand.pdb,
,data/DockGen/processed_files/5k45_2_GLU_1/5k45_2_GLU_1_protein_processed.pdb,data/DockGen/processed_files/5k45_2_GLU_1/5k45_2_GLU_2_ligand.pdb,
,data/DockGen/processed_files/5k45_2_GLU_1/5k45_2_GLU_1_protein_processed.pdb,data/DockGen/processed_files/5k45_2_GLU_1/5k45_2_GLU_3_ligand.pdb,
,data/DockGen/processed_files/5k4h_2_GLU_3/5k4h_2_GLU_3_protein_processed.pdb,data/DockGen/processed_files/5k4h_2_GLU_3/5k4h_2_GLU_0_ligand.pdb,
,data/DockGen/processed_files/5k4h_2_GLU_3/5k4h_2_GLU_3_protein_processed.pdb,data/DockGen/processed_files/5k4h_2_GLU_3/5k4h_2_GLU_1_ligand.pdb,
,data/DockGen/processed_files/5k4h_2_GLU_3/5k4h_2_GLU_3_protein_processed.pdb,data/DockGen/processed_files/5k4h_2_GLU_3/5k4h_2_GLU_2_ligand.pdb,
,data/DockGen/processed_files/5k4h_2_GLU_3/5k4h_2_GLU_3_protein_processed.pdb,data/DockGen/processed_files/5k4h_2_GLU_3/5k4h_2_GLU_3_ligand.pdb,
,data/DockGen/processed_files/5k62_1_ASN-VAL_0/5k62_1_ASN-VAL_0_protein_processed.pdb,data/DockGen/processed_files/5k62_1_ASN-VAL_0/5k62_1_ASN-VAL_0_ligand.pdb,
,data/DockGen/processed_files/5k63_1_ASN-GLY_0/5k63_1_ASN-GLY_0_protein_processed.pdb,data/DockGen/processed_files/5k63_1_ASN-GLY_0/5k63_1_ASN-GLY_0_ligand.pdb,
,data/DockGen/processed_files/5k66_1_ASN-GLU_0/5k66_1_ASN-GLU_0_protein_processed.pdb,data/DockGen/processed_files/5k66_1_ASN-GLU_0/5k66_1_ASN-GLU_0_ligand.pdb,
,data/DockGen/processed_files/5mh1_1_BMA_0/5mh1_1_BMA_0_protein_processed.pdb,data/DockGen/processed_files/5mh1_1_BMA_0/5mh1_1_BMA_0_ligand.pdb,
,data/DockGen/processed_files/5mh1_1_BMA_0/5mh1_1_BMA_0_protein_processed.pdb,data/DockGen/processed_files/5mh1_1_BMA_0/5mh1_1_BMA_1_ligand.pdb,
,data/DockGen/processed_files/5mr6_6_FAD_0/5mr6_6_FAD_0_protein_processed.pdb,data/DockGen/processed_files/5mr6_6_FAD_0/5mr6_6_FAD_0_ligand.pdb,
,data/DockGen/processed_files/5mr6_6_FAD_0/5mr6_6_FAD_0_protein_processed.pdb,data/DockGen/processed_files/5mr6_6_FAD_0/5mr6_6_FAD_1_ligand.pdb,
,data/DockGen/processed_files/5mr6_6_FAD_0/5mr6_6_FAD_0_protein_processed.pdb,data/DockGen/processed_files/5mr6_6_FAD_0/5mr6_6_FAD_2_ligand.pdb,
,data/DockGen/processed_files/5mr6_6_FAD_0/5mr6_6_FAD_0_protein_processed.pdb,data/DockGen/processed_files/5mr6_6_FAD_0/5mr6_6_FAD_3_ligand.pdb,
,data/DockGen/processed_files/5n1q_1_TP7_1/5n1q_1_TP7_1_protein_processed.pdb,data/DockGen/processed_files/5n1q_1_TP7_1/5n1q_1_TP7_0_ligand.pdb,
,data/DockGen/processed_files/5n1q_1_TP7_1/5n1q_1_TP7_1_protein_processed.pdb,data/DockGen/processed_files/5n1q_1_TP7_1/5n1q_1_TP7_1_ligand.pdb,
,data/DockGen/processed_files/5tv6_2_PML_0/5tv6_2_PML_0_protein_processed.pdb,data/DockGen/processed_files/5tv6_2_PML_0/5tv6_2_PML_0_ligand.pdb,
,data/DockGen/processed_files/5tva_2_AMP_0/5tva_2_AMP_0_protein_processed.pdb,data/DockGen/processed_files/5tva_2_AMP_0/5tva_2_AMP_0_ligand.pdb,
,data/DockGen/processed_files/5u82_2_ZN0_0/5u82_2_ZN0_0_protein_processed.pdb,data/DockGen/processed_files/5u82_2_ZN0_0/5u82_2_ZN0_0_ligand.pdb,
,data/DockGen/processed_files/5woo_2_MYR_0/5woo_2_MYR_0_protein_processed.pdb,data/DockGen/processed_files/5woo_2_MYR_0/5woo_2_MYR_0_ligand.pdb,
,data/DockGen/processed_files/5x1j_2_VNL_0/5x1j_2_VNL_0_protein_processed.pdb,data/DockGen/processed_files/5x1j_2_VNL_0/5x1j_2_VNL_0_ligand.pdb,
,data/DockGen/processed_files/5x1j_2_VNL_0/5x1j_2_VNL_0_protein_processed.pdb,data/DockGen/processed_files/5x1j_2_VNL_0/5x1j_2_VNL_1_ligand.pdb,
,data/DockGen/processed_files/5x1k_1_7WR_1/5x1k_1_7WR_1_protein_processed.pdb,data/DockGen/processed_files/5x1k_1_7WR_1/5x1k_1_7WR_0_ligand.pdb,
,data/DockGen/processed_files/5x1k_1_7WR_1/5x1k_1_7WR_1_protein_processed.pdb,data/DockGen/processed_files/5x1k_1_7WR_1/5x1k_1_7WR_1_ligand.pdb,
,data/DockGen/processed_files/5xz7_1_F6P_0/5xz7_1_F6P_0_protein_processed.pdb,data/DockGen/processed_files/5xz7_1_F6P_0/5xz7_1_F6P_0_ligand.pdb,
,data/DockGen/processed_files/5xz7_1_F6P_0/5xz7_1_F6P_0_protein_processed.pdb,data/DockGen/processed_files/5xz7_1_F6P_0/5xz7_1_F6P_1_ligand.pdb,
,data/DockGen/processed_files/5xz9_1_ATP_0/5xz9_1_ATP_0_protein_processed.pdb,data/DockGen/processed_files/5xz9_1_ATP_0/5xz9_1_ATP_0_ligand.pdb,
,data/DockGen/processed_files/5xz9_1_ATP_0/5xz9_1_ATP_0_protein_processed.pdb,data/DockGen/processed_files/5xz9_1_ATP_0/5xz9_1_ATP_1_ligand.pdb,
,data/DockGen/processed_files/5xza_1_ADP_0/5xza_1_ADP_0_protein_processed.pdb,data/DockGen/processed_files/5xza_1_ADP_0/5xza_1_ADP_0_ligand.pdb,
,data/DockGen/processed_files/5xza_1_ADP_0/5xza_1_ADP_0_protein_processed.pdb,data/DockGen/processed_files/5xza_1_ADP_0/5xza_1_ADP_1_ligand.pdb,
,data/DockGen/processed_files/1uf8_1_ING_2/1uf8_1_ING_2_protein_processed.pdb,data/DockGen/processed_files/1uf8_1_ING_2/1uf8_1_ING_0_ligand.pdb,
,data/DockGen/processed_files/1uf8_1_ING_2/1uf8_1_ING_2_protein_processed.pdb,data/DockGen/processed_files/1uf8_1_ING_2/1uf8_1_ING_1_ligand.pdb,
,data/DockGen/processed_files/1uf8_1_ING_2/1uf8_1_ING_2_protein_processed.pdb,data/DockGen/processed_files/1uf8_1_ING_2/1uf8_1_ING_2_ligand.pdb,
,data/DockGen/processed_files/1uf8_1_ING_2/1uf8_1_ING_2_protein_processed.pdb,data/DockGen/processed_files/1uf8_1_ING_2/1uf8_1_ING_3_ligand.pdb,
,data/DockGen/processed_files/2nt8_1_ATP_2/2nt8_1_ATP_2_protein_processed.pdb,data/DockGen/processed_files/2nt8_1_ATP_2/2nt8_1_ATP_0_ligand.pdb,
,data/DockGen/processed_files/2nt8_1_ATP_2/2nt8_1_ATP_2_protein_processed.pdb,data/DockGen/processed_files/2nt8_1_ATP_2/2nt8_1_ATP_1_ligand.pdb,
,data/DockGen/processed_files/2nt8_1_ATP_2/2nt8_1_ATP_2_protein_processed.pdb,data/DockGen/processed_files/2nt8_1_ATP_2/2nt8_1_ATP_2_ligand.pdb,
,data/DockGen/processed_files/2wwc_1_CHT_2/2wwc_1_CHT_2_protein_processed.pdb,data/DockGen/processed_files/2wwc_1_CHT_2/2wwc_1_CHT_0_ligand.pdb,
,data/DockGen/processed_files/2wwc_1_CHT_2/2wwc_1_CHT_2_protein_processed.pdb,data/DockGen/processed_files/2wwc_1_CHT_2/2wwc_1_CHT_1_ligand.pdb,
,data/DockGen/processed_files/2wwc_1_CHT_2/2wwc_1_CHT_2_protein_processed.pdb,data/DockGen/processed_files/2wwc_1_CHT_2/2wwc_1_CHT_2_ligand.pdb,
,data/DockGen/processed_files/2wwc_1_CHT_2/2wwc_1_CHT_2_protein_processed.pdb,data/DockGen/processed_files/2wwc_1_CHT_2/2wwc_1_CHT_3_ligand.pdb,
,data/DockGen/processed_files/2wwc_1_CHT_2/2wwc_1_CHT_2_protein_processed.pdb,data/DockGen/processed_files/2wwc_1_CHT_2/2wwc_1_CHT_4_ligand.pdb,
,data/DockGen/processed_files/2wwc_1_CHT_2/2wwc_1_CHT_2_protein_processed.pdb,data/DockGen/processed_files/2wwc_1_CHT_2/2wwc_1_CHT_5_ligand.pdb,
,data/DockGen/processed_files/2wwc_1_CHT_2/2wwc_1_CHT_2_protein_processed.pdb,data/DockGen/processed_files/2wwc_1_CHT_2/2wwc_1_CHT_6_ligand.pdb,
,data/DockGen/processed_files/2wwc_1_CHT_2/2wwc_1_CHT_2_protein_processed.pdb,data/DockGen/processed_files/2wwc_1_CHT_2/2wwc_1_CHT_7_ligand.pdb,
,data/DockGen/processed_files/3it6_1_ORN_1/3it6_1_ORN_1_protein_processed.pdb,data/DockGen/processed_files/3it6_1_ORN_1/3it6_1_ORN_0_ligand.pdb,
,data/DockGen/processed_files/3it6_1_ORN_1/3it6_1_ORN_1_protein_processed.pdb,data/DockGen/processed_files/3it6_1_ORN_1/3it6_1_ORN_1_ligand.pdb,
,data/DockGen/processed_files/3sr6_1_MTE_1/3sr6_1_MTE_1_protein_processed.pdb,data/DockGen/processed_files/3sr6_1_MTE_1/3sr6_1_MTE_0_ligand.pdb,
,data/DockGen/processed_files/3sr6_1_MTE_1/3sr6_1_MTE_1_protein_processed.pdb,data/DockGen/processed_files/3sr6_1_MTE_1/3sr6_1_MTE_1_ligand.pdb,
,data/DockGen/processed_files/4g0s_2_MYR_1/4g0s_2_MYR_1_protein_processed.pdb,data/DockGen/processed_files/4g0s_2_MYR_1/4g0s_2_MYR_0_ligand.pdb,
,data/DockGen/processed_files/4g0s_2_MYR_1/4g0s_2_MYR_1_protein_processed.pdb,data/DockGen/processed_files/4g0s_2_MYR_1/4g0s_2_MYR_1_ligand.pdb,
,data/DockGen/processed_files/4osy_1_GLY_3/4osy_1_GLY_3_protein_processed.pdb,data/DockGen/processed_files/4osy_1_GLY_3/4osy_1_GLY_0_ligand.pdb,
,data/DockGen/processed_files/4osy_1_GLY_3/4osy_1_GLY_3_protein_processed.pdb,data/DockGen/processed_files/4osy_1_GLY_3/4osy_1_GLY_1_ligand.pdb,
,data/DockGen/processed_files/4osy_1_GLY_3/4osy_1_GLY_3_protein_processed.pdb,data/DockGen/processed_files/4osy_1_GLY_3/4osy_1_GLY_2_ligand.pdb,
,data/DockGen/processed_files/4osy_1_GLY_3/4osy_1_GLY_3_protein_processed.pdb,data/DockGen/processed_files/4osy_1_GLY_3/4osy_1_GLY_3_ligand.pdb,
,data/DockGen/processed_files/4yal_2_2AM_0/4yal_2_2AM_0_protein_processed.pdb,data/DockGen/processed_files/4yal_2_2AM_0/4yal_2_2AM_0_ligand.pdb,
,data/DockGen/processed_files/5d9g_1_GLU-ASN-LEU-TYR-PHE-GLN_0/5d9g_1_GLU-ASN-LEU-TYR-PHE-GLN_0_protein_processed.pdb,data/DockGen/processed_files/5d9g_1_GLU-ASN-LEU-TYR-PHE-GLN_0/5d9g_1_GLU-ASN-LEU-TYR-PHE-GLN_0_ligand.pdb,
,data/DockGen/processed_files/5hw0_1_GLU_2/5hw0_1_GLU_2_protein_processed.pdb,data/DockGen/processed_files/5hw0_1_GLU_2/5hw0_1_GLU_0_ligand.pdb,
,data/DockGen/processed_files/5hw0_1_GLU_2/5hw0_1_GLU_2_protein_processed.pdb,data/DockGen/processed_files/5hw0_1_GLU_2/5hw0_1_GLU_1_ligand.pdb,
,data/DockGen/processed_files/5hw0_1_GLU_2/5hw0_1_GLU_2_protein_processed.pdb,data/DockGen/processed_files/5hw0_1_GLU_2/5hw0_1_GLU_2_ligand.pdb,
,data/DockGen/processed_files/5hw0_1_GLU_2/5hw0_1_GLU_2_protein_processed.pdb,data/DockGen/processed_files/5hw0_1_GLU_2/5hw0_1_GLU_3_ligand.pdb,
,data/DockGen/processed_files/5ynv_2_DST_0/5ynv_2_DST_0_protein_processed.pdb,data/DockGen/processed_files/5ynv_2_DST_0/5ynv_2_DST_0_ligand.pdb,
,data/DockGen/processed_files/6fgc_1_D95_1/6fgc_1_D95_1_protein_processed.pdb,data/DockGen/processed_files/6fgc_1_D95_1/6fgc_1_D95_0_ligand.pdb,
,data/DockGen/processed_files/6fgc_1_D95_1/6fgc_1_D95_1_protein_processed.pdb,data/DockGen/processed_files/6fgc_1_D95_1/6fgc_1_D95_1_ligand.pdb,
,data/DockGen/processed_files/6rz2_1_5CD_2/6rz2_1_5CD_2_protein_processed.pdb,data/DockGen/processed_files/6rz2_1_5CD_2/6rz2_1_5CD_0_ligand.pdb,
,data/DockGen/processed_files/6rz2_1_5CD_2/6rz2_1_5CD_2_protein_processed.pdb,data/DockGen/processed_files/6rz2_1_5CD_2/6rz2_1_5CD_1_ligand.pdb,
,data/DockGen/processed_files/6rz2_1_5CD_2/6rz2_1_5CD_2_protein_processed.pdb,data/DockGen/processed_files/6rz2_1_5CD_2/6rz2_1_5CD_2_ligand.pdb,
,data/DockGen/processed_files/4yao_2_2AM_0/4yao_2_2AM_0_protein_processed.pdb,data/DockGen/processed_files/4yao_2_2AM_0/4yao_2_2AM_0_ligand.pdb,
,data/DockGen/processed_files/4yau_2_2AM_0/4yau_2_2AM_0_protein_processed.pdb,data/DockGen/processed_files/4yau_2_2AM_0/4yau_2_2AM_0_ligand.pdb,
,data/DockGen/processed_files/4yaw_1_2AM_0/4yaw_1_2AM_0_protein_processed.pdb,data/DockGen/processed_files/4yaw_1_2AM_0/4yaw_1_2AM_0_ligand.pdb,
,data/DockGen/processed_files/4ydx_1_TCE_0/4ydx_1_TCE_0_protein_processed.pdb,data/DockGen/processed_files/4ydx_1_TCE_0/4ydx_1_TCE_0_ligand.pdb,
,data/DockGen/processed_files/4yvn_1_EBS_0/4yvn_1_EBS_0_protein_processed.pdb,data/DockGen/processed_files/4yvn_1_EBS_0/4yvn_1_EBS_0_ligand.pdb,
,data/DockGen/processed_files/4zav_1_4LS_8/4zav_1_4LS_8_protein_processed.pdb,data/DockGen/processed_files/4zav_1_4LS_8/4zav_1_4LS_0_ligand.pdb,
,data/DockGen/processed_files/4zav_1_4LS_8/4zav_1_4LS_8_protein_processed.pdb,data/DockGen/processed_files/4zav_1_4LS_8/4zav_1_4LS_10_ligand.pdb,
,data/DockGen/processed_files/4zav_1_4LS_8/4zav_1_4LS_8_protein_processed.pdb,data/DockGen/processed_files/4zav_1_4LS_8/4zav_1_4LS_11_ligand.pdb,
,data/DockGen/processed_files/4zav_1_4LS_8/4zav_1_4LS_8_protein_processed.pdb,data/DockGen/processed_files/4zav_1_4LS_8/4zav_1_4LS_1_ligand.pdb,
,data/DockGen/processed_files/4zav_1_4LS_8/4zav_1_4LS_8_protein_processed.pdb,data/DockGen/processed_files/4zav_1_4LS_8/4zav_1_4LS_2_ligand.pdb,
,data/DockGen/processed_files/4zav_1_4LS_8/4zav_1_4LS_8_protein_processed.pdb,data/DockGen/processed_files/4zav_1_4LS_8/4zav_1_4LS_3_ligand.pdb,
,data/DockGen/processed_files/4zav_1_4LS_8/4zav_1_4LS_8_protein_processed.pdb,data/DockGen/processed_files/4zav_1_4LS_8/4zav_1_4LS_4_ligand.pdb,
,data/DockGen/processed_files/4zav_1_4LS_8/4zav_1_4LS_8_protein_processed.pdb,data/DockGen/processed_files/4zav_1_4LS_8/4zav_1_4LS_5_ligand.pdb,
,data/DockGen/processed_files/4zav_1_4LS_8/4zav_1_4LS_8_protein_processed.pdb,data/DockGen/processed_files/4zav_1_4LS_8/4zav_1_4LS_6_ligand.pdb,
,data/DockGen/processed_files/4zav_1_4LS_8/4zav_1_4LS_8_protein_processed.pdb,data/DockGen/processed_files/4zav_1_4LS_8/4zav_1_4LS_7_ligand.pdb,
,data/DockGen/processed_files/4zav_1_4LS_8/4zav_1_4LS_8_protein_processed.pdb,data/DockGen/processed_files/4zav_1_4LS_8/4zav_1_4LS_8_ligand.pdb,
,data/DockGen/processed_files/4zav_1_4LS_8/4zav_1_4LS_8_protein_processed.pdb,data/DockGen/processed_files/4zav_1_4LS_8/4zav_1_4LS_9_ligand.pdb,
,data/DockGen/processed_files/4zaw_1_4LU_1/4zaw_1_4LU_1_protein_processed.pdb,data/DockGen/processed_files/4zaw_1_4LU_1/4zaw_1_4LU_0_ligand.pdb,
,data/DockGen/processed_files/4zaw_1_4LU_1/4zaw_1_4LU_1_protein_processed.pdb,data/DockGen/processed_files/4zaw_1_4LU_1/4zaw_1_4LU_10_ligand.pdb,
,data/DockGen/processed_files/4zaw_1_4LU_1/4zaw_1_4LU_1_protein_processed.pdb,data/DockGen/processed_files/4zaw_1_4LU_1/4zaw_1_4LU_11_ligand.pdb,
,data/DockGen/processed_files/4zaw_1_4LU_1/4zaw_1_4LU_1_protein_processed.pdb,data/DockGen/processed_files/4zaw_1_4LU_1/4zaw_1_4LU_1_ligand.pdb,
,data/DockGen/processed_files/4zaw_1_4LU_1/4zaw_1_4LU_1_protein_processed.pdb,data/DockGen/processed_files/4zaw_1_4LU_1/4zaw_1_4LU_2_ligand.pdb,
,data/DockGen/processed_files/4zaw_1_4LU_1/4zaw_1_4LU_1_protein_processed.pdb,data/DockGen/processed_files/4zaw_1_4LU_1/4zaw_1_4LU_3_ligand.pdb,
,data/DockGen/processed_files/4zaw_1_4LU_1/4zaw_1_4LU_1_protein_processed.pdb,data/DockGen/processed_files/4zaw_1_4LU_1/4zaw_1_4LU_4_ligand.pdb,
,data/DockGen/processed_files/4zaw_1_4LU_1/4zaw_1_4LU_1_protein_processed.pdb,data/DockGen/processed_files/4zaw_1_4LU_1/4zaw_1_4LU_5_ligand.pdb,
,data/DockGen/processed_files/4zaw_1_4LU_1/4zaw_1_4LU_1_protein_processed.pdb,data/DockGen/processed_files/4zaw_1_4LU_1/4zaw_1_4LU_6_ligand.pdb,
,data/DockGen/processed_files/4zaw_1_4LU_1/4zaw_1_4LU_1_protein_processed.pdb,data/DockGen/processed_files/4zaw_1_4LU_1/4zaw_1_4LU_7_ligand.pdb,
,data/DockGen/processed_files/4zaw_1_4LU_1/4zaw_1_4LU_1_protein_processed.pdb,data/DockGen/processed_files/4zaw_1_4LU_1/4zaw_1_4LU_8_ligand.pdb,
,data/DockGen/processed_files/4zaw_1_4LU_1/4zaw_1_4LU_1_protein_processed.pdb,data/DockGen/processed_files/4zaw_1_4LU_1/4zaw_1_4LU_9_ligand.pdb,
,data/DockGen/processed_files/4zay_1_4LS_6/4zay_1_4LS_6_protein_processed.pdb,data/DockGen/processed_files/4zay_1_4LS_6/4zay_1_4LS_0_ligand.pdb,
,data/DockGen/processed_files/4zay_1_4LS_6/4zay_1_4LS_6_protein_processed.pdb,data/DockGen/processed_files/4zay_1_4LS_6/4zay_1_4LS_10_ligand.pdb,
,data/DockGen/processed_files/4zay_1_4LS_6/4zay_1_4LS_6_protein_processed.pdb,data/DockGen/processed_files/4zay_1_4LS_6/4zay_1_4LS_11_ligand.pdb,
,data/DockGen/processed_files/4zay_1_4LS_6/4zay_1_4LS_6_protein_processed.pdb,data/DockGen/processed_files/4zay_1_4LS_6/4zay_1_4LS_1_ligand.pdb,
,data/DockGen/processed_files/4zay_1_4LS_6/4zay_1_4LS_6_protein_processed.pdb,data/DockGen/processed_files/4zay_1_4LS_6/4zay_1_4LS_2_ligand.pdb,
,data/DockGen/processed_files/4zay_1_4LS_6/4zay_1_4LS_6_protein_processed.pdb,data/DockGen/processed_files/4zay_1_4LS_6/4zay_1_4LS_3_ligand.pdb,
,data/DockGen/processed_files/4zay_1_4LS_6/4zay_1_4LS_6_protein_processed.pdb,data/DockGen/processed_files/4zay_1_4LS_6/4zay_1_4LS_4_ligand.pdb,
,data/DockGen/processed_files/4zay_1_4LS_6/4zay_1_4LS_6_protein_processed.pdb,data/DockGen/processed_files/4zay_1_4LS_6/4zay_1_4LS_5_ligand.pdb,
,data/DockGen/processed_files/4zay_1_4LS_6/4zay_1_4LS_6_protein_processed.pdb,data/DockGen/processed_files/4zay_1_4LS_6/4zay_1_4LS_6_ligand.pdb,
,data/DockGen/processed_files/4zay_1_4LS_6/4zay_1_4LS_6_protein_processed.pdb,data/DockGen/processed_files/4zay_1_4LS_6/4zay_1_4LS_7_ligand.pdb,
,data/DockGen/processed_files/4zay_1_4LS_6/4zay_1_4LS_6_protein_processed.pdb,data/DockGen/processed_files/4zay_1_4LS_6/4zay_1_4LS_8_ligand.pdb,
,data/DockGen/processed_files/4zay_1_4LS_6/4zay_1_4LS_6_protein_processed.pdb,data/DockGen/processed_files/4zay_1_4LS_6/4zay_1_4LS_9_ligand.pdb,
,data/DockGen/processed_files/4zaz_1_4LS_6/4zaz_1_4LS_6_protein_processed.pdb,data/DockGen/processed_files/4zaz_1_4LS_6/4zaz_1_4LS_0_ligand.pdb,
,data/DockGen/processed_files/4zaz_1_4LS_6/4zaz_1_4LS_6_protein_processed.pdb,data/DockGen/processed_files/4zaz_1_4LS_6/4zaz_1_4LS_10_ligand.pdb,
,data/DockGen/processed_files/4zaz_1_4LS_6/4zaz_1_4LS_6_protein_processed.pdb,data/DockGen/processed_files/4zaz_1_4LS_6/4zaz_1_4LS_11_ligand.pdb,
,data/DockGen/processed_files/4zaz_1_4LS_6/4zaz_1_4LS_6_protein_processed.pdb,data/DockGen/processed_files/4zaz_1_4LS_6/4zaz_1_4LS_1_ligand.pdb,
,data/DockGen/processed_files/4zaz_1_4LS_6/4zaz_1_4LS_6_protein_processed.pdb,data/DockGen/processed_files/4zaz_1_4LS_6/4zaz_1_4LS_2_ligand.pdb,
,data/DockGen/processed_files/4zaz_1_4LS_6/4zaz_1_4LS_6_protein_processed.pdb,data/DockGen/processed_files/4zaz_1_4LS_6/4zaz_1_4LS_3_ligand.pdb,
,data/DockGen/processed_files/4zaz_1_4LS_6/4zaz_1_4LS_6_protein_processed.pdb,data/DockGen/processed_files/4zaz_1_4LS_6/4zaz_1_4LS_4_ligand.pdb,
,data/DockGen/processed_files/4zaz_1_4LS_6/4zaz_1_4LS_6_protein_processed.pdb,data/DockGen/processed_files/4zaz_1_4LS_6/4zaz_1_4LS_5_ligand.pdb,
,data/DockGen/processed_files/4zaz_1_4LS_6/4zaz_1_4LS_6_protein_processed.pdb,data/DockGen/processed_files/4zaz_1_4LS_6/4zaz_1_4LS_6_ligand.pdb,
,data/DockGen/processed_files/4zaz_1_4LS_6/4zaz_1_4LS_6_protein_processed.pdb,data/DockGen/processed_files/4zaz_1_4LS_6/4zaz_1_4LS_7_ligand.pdb,
,data/DockGen/processed_files/4zaz_1_4LS_6/4zaz_1_4LS_6_protein_processed.pdb,data/DockGen/processed_files/4zaz_1_4LS_6/4zaz_1_4LS_8_ligand.pdb,
,data/DockGen/processed_files/4zaz_1_4LS_6/4zaz_1_4LS_6_protein_processed.pdb,data/DockGen/processed_files/4zaz_1_4LS_6/4zaz_1_4LS_9_ligand.pdb,
,data/DockGen/processed_files/4zo7_1_BGC_0/4zo7_1_BGC_0_protein_processed.pdb,data/DockGen/processed_files/4zo7_1_BGC_0/4zo7_1_BGC_0_ligand.pdb,
,data/DockGen/processed_files/4zo7_1_BGC_0/4zo7_1_BGC_0_protein_processed.pdb,data/DockGen/processed_files/4zo7_1_BGC_0/4zo7_1_BGC_1_ligand.pdb,
,data/DockGen/processed_files/4zo7_1_BGC_0/4zo7_1_BGC_0_protein_processed.pdb,data/DockGen/processed_files/4zo7_1_BGC_0/4zo7_1_BGC_2_ligand.pdb,
,data/DockGen/processed_files/4zo7_1_GLC-BGC_0/4zo7_1_GLC-BGC_0_protein_processed.pdb,data/DockGen/processed_files/4zo7_1_GLC-BGC_0/4zo7_1_GLC-BGC_0_ligand.pdb,
,data/DockGen/processed_files/4zoc_1_BGC_1/4zoc_1_BGC_1_protein_processed.pdb,data/DockGen/processed_files/4zoc_1_BGC_1/4zoc_1_BGC_0_ligand.pdb,
,data/DockGen/processed_files/4zoc_1_BGC_1/4zoc_1_BGC_1_protein_processed.pdb,data/DockGen/processed_files/4zoc_1_BGC_1/4zoc_1_BGC_1_ligand.pdb,
,data/DockGen/processed_files/4zqx_1_ATP_2/4zqx_1_ATP_2_protein_processed.pdb,data/DockGen/processed_files/4zqx_1_ATP_2/4zqx_1_ATP_0_ligand.pdb,
,data/DockGen/processed_files/4zqx_1_ATP_2/4zqx_1_ATP_2_protein_processed.pdb,data/DockGen/processed_files/4zqx_1_ATP_2/4zqx_1_ATP_1_ligand.pdb,
,data/DockGen/processed_files/4zqx_1_ATP_2/4zqx_1_ATP_2_protein_processed.pdb,data/DockGen/processed_files/4zqx_1_ATP_2/4zqx_1_ATP_2_ligand.pdb,
,data/DockGen/processed_files/4zvc_1_BEZ_0/4zvc_1_BEZ_0_protein_processed.pdb,data/DockGen/processed_files/4zvc_1_BEZ_0/4zvc_1_BEZ_0_ligand.pdb,
,data/DockGen/processed_files/5a8r_2_TP7_0/5a8r_2_TP7_0_protein_processed.pdb,data/DockGen/processed_files/5a8r_2_TP7_0/5a8r_2_TP7_0_ligand.pdb,
,data/DockGen/processed_files/5a8r_2_TP7_0/5a8r_2_TP7_0_protein_processed.pdb,data/DockGen/processed_files/5a8r_2_TP7_0/5a8r_2_TP7_1_ligand.pdb,
,data/DockGen/processed_files/5a8w_1_TP7_0/5a8w_1_TP7_0_protein_processed.pdb,data/DockGen/processed_files/5a8w_1_TP7_0/5a8w_1_TP7_0_ligand.pdb,
,data/DockGen/processed_files/5a8w_1_TP7_0/5a8w_1_TP7_0_protein_processed.pdb,data/DockGen/processed_files/5a8w_1_TP7_0/5a8w_1_TP7_1_ligand.pdb,
,data/DockGen/processed_files/5a98_1_ATP_0/5a98_1_ATP_0_protein_processed.pdb,data/DockGen/processed_files/5a98_1_ATP_0/5a98_1_ATP_0_ligand.pdb,
,data/DockGen/processed_files/5a98_1_ATP_0/5a98_1_ATP_0_protein_processed.pdb,data/DockGen/processed_files/5a98_1_ATP_0/5a98_1_ATP_1_ligand.pdb,
,data/DockGen/processed_files/5a98_1_ATP_0/5a98_1_ATP_0_protein_processed.pdb,data/DockGen/processed_files/5a98_1_ATP_0/5a98_1_ATP_2_ligand.pdb,
,data/DockGen/processed_files/5a98_1_ATP_0/5a98_1_ATP_0_protein_processed.pdb,data/DockGen/processed_files/5a98_1_ATP_0/5a98_1_ATP_3_ligand.pdb,
,data/DockGen/processed_files/5a98_1_ATP_0/5a98_1_ATP_0_protein_processed.pdb,data/DockGen/processed_files/5a98_1_ATP_0/5a98_1_ATP_4_ligand.pdb,
,data/DockGen/processed_files/5a98_1_ATP_0/5a98_1_ATP_0_protein_processed.pdb,data/DockGen/processed_files/5a98_1_ATP_0/5a98_1_ATP_5_ligand.pdb,
,data/DockGen/processed_files/5ae3_2_AWB_1/5ae3_2_AWB_1_protein_processed.pdb,data/DockGen/processed_files/5ae3_2_AWB_1/5ae3_2_AWB_0_ligand.pdb,
,data/DockGen/processed_files/5ae3_2_AWB_1/5ae3_2_AWB_1_protein_processed.pdb,data/DockGen/processed_files/5ae3_2_AWB_1/5ae3_2_AWB_1_ligand.pdb,
,data/DockGen/processed_files/5af7_1_FAD_2/5af7_1_FAD_2_protein_processed.pdb,data/DockGen/processed_files/5af7_1_FAD_2/5af7_1_FAD_0_ligand.pdb,
,data/DockGen/processed_files/5af7_1_FAD_2/5af7_1_FAD_2_protein_processed.pdb,data/DockGen/processed_files/5af7_1_FAD_2/5af7_1_FAD_1_ligand.pdb,
,data/DockGen/processed_files/5af7_1_FAD_2/5af7_1_FAD_2_protein_processed.pdb,data/DockGen/processed_files/5af7_1_FAD_2/5af7_1_FAD_2_ligand.pdb,
,data/DockGen/processed_files/5af7_1_FAD_2/5af7_1_FAD_2_protein_processed.pdb,data/DockGen/processed_files/5af7_1_FAD_2/5af7_1_FAD_3_ligand.pdb,
,data/DockGen/processed_files/5aju_1_RP5_0/5aju_1_RP5_0_protein_processed.pdb,data/DockGen/processed_files/5aju_1_RP5_0/5aju_1_RP5_0_ligand.pdb,
,data/DockGen/processed_files/5aju_1_RP5_0/5aju_1_RP5_0_protein_processed.pdb,data/DockGen/processed_files/5aju_1_RP5_0/5aju_1_RP5_1_ligand.pdb,
,data/DockGen/processed_files/5aqk_1_GDP_0/5aqk_1_GDP_0_protein_processed.pdb,data/DockGen/processed_files/5aqk_1_GDP_0/5aqk_1_GDP_0_ligand.pdb,
,data/DockGen/processed_files/5aqk_1_GDP_0/5aqk_1_GDP_0_protein_processed.pdb,data/DockGen/processed_files/5aqk_1_GDP_0/5aqk_1_GDP_1_ligand.pdb,
,data/DockGen/processed_files/5b5s_1_BOG_0/5b5s_1_BOG_0_protein_processed.pdb,data/DockGen/processed_files/5b5s_1_BOG_0/5b5s_1_BOG_0_ligand.pdb,
,data/DockGen/processed_files/5bu3_1_4W9_0/5bu3_1_4W9_0_protein_processed.pdb,data/DockGen/processed_files/5bu3_1_4W9_0/5bu3_1_4W9_0_ligand.pdb,
,data/DockGen/processed_files/5bu3_1_4W9_0/5bu3_1_4W9_0_protein_processed.pdb,data/DockGen/processed_files/5bu3_1_4W9_0/5bu3_1_4W9_1_ligand.pdb,
,data/DockGen/processed_files/6fh3_1_RPI_0/6fh3_1_RPI_0_protein_processed.pdb,data/DockGen/processed_files/6fh3_1_RPI_0/6fh3_1_RPI_0_ligand.pdb,
,data/DockGen/processed_files/6fh3_1_RPI_0/6fh3_1_RPI_0_protein_processed.pdb,data/DockGen/processed_files/6fh3_1_RPI_0/6fh3_1_RPI_1_ligand.pdb,
,data/DockGen/processed_files/6fkw_1_PQQ_1/6fkw_1_PQQ_1_protein_processed.pdb,data/DockGen/processed_files/6fkw_1_PQQ_1/6fkw_1_PQQ_0_ligand.pdb,
,data/DockGen/processed_files/6fkw_1_PQQ_1/6fkw_1_PQQ_1_protein_processed.pdb,data/DockGen/processed_files/6fkw_1_PQQ_1/6fkw_1_PQQ_1_ligand.pdb,
,data/DockGen/processed_files/6gbf_1_AMP_0/6gbf_1_AMP_0_protein_processed.pdb,data/DockGen/processed_files/6gbf_1_AMP_0/6gbf_1_AMP_0_ligand.pdb,
,data/DockGen/processed_files/6gbf_1_AMP_0/6gbf_1_AMP_0_protein_processed.pdb,data/DockGen/processed_files/6gbf_1_AMP_0/6gbf_1_AMP_1_ligand.pdb,
,data/DockGen/processed_files/6ha4_1_T3Y_0/6ha4_1_T3Y_0_protein_processed.pdb,data/DockGen/processed_files/6ha4_1_T3Y_0/6ha4_1_T3Y_0_ligand.pdb,
,data/DockGen/processed_files/6in7_1_NCA_0/6in7_1_NCA_0_protein_processed.pdb,data/DockGen/processed_files/6in7_1_NCA_0/6in7_1_NCA_0_ligand.pdb,
,data/DockGen/processed_files/6jls_1_FMN_6/6jls_1_FMN_6_protein_processed.pdb,data/DockGen/processed_files/6jls_1_FMN_6/6jls_1_FMN_0_ligand.pdb,
,data/DockGen/processed_files/6jls_1_FMN_6/6jls_1_FMN_6_protein_processed.pdb,data/DockGen/processed_files/6jls_1_FMN_6/6jls_1_FMN_10_ligand.pdb,
,data/DockGen/processed_files/6jls_1_FMN_6/6jls_1_FMN_6_protein_processed.pdb,data/DockGen/processed_files/6jls_1_FMN_6/6jls_1_FMN_11_ligand.pdb,
,data/DockGen/processed_files/6jls_1_FMN_6/6jls_1_FMN_6_protein_processed.pdb,data/DockGen/processed_files/6jls_1_FMN_6/6jls_1_FMN_1_ligand.pdb,
,data/DockGen/processed_files/6jls_1_FMN_6/6jls_1_FMN_6_protein_processed.pdb,data/DockGen/processed_files/6jls_1_FMN_6/6jls_1_FMN_2_ligand.pdb,
,data/DockGen/processed_files/6jls_1_FMN_6/6jls_1_FMN_6_protein_processed.pdb,data/DockGen/processed_files/6jls_1_FMN_6/6jls_1_FMN_3_ligand.pdb,
,data/DockGen/processed_files/6jls_1_FMN_6/6jls_1_FMN_6_protein_processed.pdb,data/DockGen/processed_files/6jls_1_FMN_6/6jls_1_FMN_4_ligand.pdb,
,data/DockGen/processed_files/6jls_1_FMN_6/6jls_1_FMN_6_protein_processed.pdb,data/DockGen/processed_files/6jls_1_FMN_6/6jls_1_FMN_5_ligand.pdb,
,data/DockGen/processed_files/6jls_1_FMN_6/6jls_1_FMN_6_protein_processed.pdb,data/DockGen/processed_files/6jls_1_FMN_6/6jls_1_FMN_6_ligand.pdb,
,data/DockGen/processed_files/6jls_1_FMN_6/6jls_1_FMN_6_protein_processed.pdb,data/DockGen/processed_files/6jls_1_FMN_6/6jls_1_FMN_7_ligand.pdb,
,data/DockGen/processed_files/6jls_1_FMN_6/6jls_1_FMN_6_protein_processed.pdb,data/DockGen/processed_files/6jls_1_FMN_6/6jls_1_FMN_8_ligand.pdb,
,data/DockGen/processed_files/6jls_1_FMN_6/6jls_1_FMN_6_protein_processed.pdb,data/DockGen/processed_files/6jls_1_FMN_6/6jls_1_FMN_9_ligand.pdb,
,data/DockGen/processed_files/6mry_2_I3C_0/6mry_2_I3C_0_protein_processed.pdb,data/DockGen/processed_files/6mry_2_I3C_0/6mry_2_I3C_0_ligand.pdb,
,data/DockGen/processed_files/6mt9_1_ADP_0/6mt9_1_ADP_0_protein_processed.pdb,data/DockGen/processed_files/6mt9_1_ADP_0/6mt9_1_ADP_0_ligand.pdb,
,data/DockGen/processed_files/6mt9_1_ADP_0/6mt9_1_ADP_0_protein_processed.pdb,data/DockGen/processed_files/6mt9_1_ADP_0/6mt9_1_ADP_1_ligand.pdb,
,data/DockGen/processed_files/6mt9_1_ATP_1/6mt9_1_ATP_1_protein_processed.pdb,data/DockGen/processed_files/6mt9_1_ATP_1/6mt9_1_ATP_0_ligand.pdb,
,data/DockGen/processed_files/6mt9_1_ATP_1/6mt9_1_ATP_1_protein_processed.pdb,data/DockGen/processed_files/6mt9_1_ATP_1/6mt9_1_ATP_1_ligand.pdb,
,data/DockGen/processed_files/6n19_2_K8V_0/6n19_2_K8V_0_protein_processed.pdb,data/DockGen/processed_files/6n19_2_K8V_0/6n19_2_K8V_0_ligand.pdb,
,data/DockGen/processed_files/6nco_1_KQP_0/6nco_1_KQP_0_protein_processed.pdb,data/DockGen/processed_files/6nco_1_KQP_0/6nco_1_KQP_0_ligand.pdb,
,data/DockGen/processed_files/6np3_1_LLL_0/6np3_1_LLL_0_protein_processed.pdb,data/DockGen/processed_files/6np3_1_LLL_0/6np3_1_LLL_0_ligand.pdb,
,data/DockGen/processed_files/6npp_1_KWG_0/6npp_1_KWG_0_protein_processed.pdb,data/DockGen/processed_files/6npp_1_KWG_0/6npp_1_KWG_0_ligand.pdb,
,data/DockGen/processed_files/6o0w_1_A2P_0/6o0w_1_A2P_0_protein_processed.pdb,data/DockGen/processed_files/6o0w_1_A2P_0/6o0w_1_A2P_0_ligand.pdb,
,data/DockGen/processed_files/6o6y_1_ACK_0/6o6y_1_ACK_0_protein_processed.pdb,data/DockGen/processed_files/6o6y_1_ACK_0/6o6y_1_ACK_0_ligand.pdb,
,data/DockGen/processed_files/6o6y_1_ACK_0/6o6y_1_ACK_0_protein_processed.pdb,data/DockGen/processed_files/6o6y_1_ACK_0/6o6y_1_ACK_1_ligand.pdb,
,data/DockGen/processed_files/6o70_1_ACK_0/6o70_1_ACK_0_protein_processed.pdb,data/DockGen/processed_files/6o70_1_ACK_0/6o70_1_ACK_0_ligand.pdb,
,data/DockGen/processed_files/6o70_1_ACK_0/6o70_1_ACK_0_protein_processed.pdb,data/DockGen/processed_files/6o70_1_ACK_0/6o70_1_ACK_1_ligand.pdb,
,data/DockGen/processed_files/6o70_1_ACK_1/6o70_1_ACK_1_protein_processed.pdb,data/DockGen/processed_files/6o70_1_ACK_1/6o70_1_ACK_0_ligand.pdb,
,data/DockGen/processed_files/6o70_1_ACK_1/6o70_1_ACK_1_protein_processed.pdb,data/DockGen/processed_files/6o70_1_ACK_1/6o70_1_ACK_1_ligand.pdb,
,data/DockGen/processed_files/6pa2_1_ASP_2/6pa2_1_ASP_2_protein_processed.pdb,data/DockGen/processed_files/6pa2_1_ASP_2/6pa2_1_ASP_0_ligand.pdb,
,data/DockGen/processed_files/6pa2_1_ASP_2/6pa2_1_ASP_2_protein_processed.pdb,data/DockGen/processed_files/6pa2_1_ASP_2/6pa2_1_ASP_1_ligand.pdb,
,data/DockGen/processed_files/6pa2_1_ASP_2/6pa2_1_ASP_2_protein_processed.pdb,data/DockGen/processed_files/6pa2_1_ASP_2/6pa2_1_ASP_2_ligand.pdb,
,data/DockGen/processed_files/6pa2_1_ASP_2/6pa2_1_ASP_2_protein_processed.pdb,data/DockGen/processed_files/6pa2_1_ASP_2/6pa2_1_ASP_3_ligand.pdb,
,data/DockGen/processed_files/6pa6_2_ASN_0/6pa6_2_ASN_0_protein_processed.pdb,data/DockGen/processed_files/6pa6_2_ASN_0/6pa6_2_ASN_0_ligand.pdb,
,data/DockGen/processed_files/6pa6_2_ASN_0/6pa6_2_ASN_0_protein_processed.pdb,data/DockGen/processed_files/6pa6_2_ASN_0/6pa6_2_ASN_1_ligand.pdb,
,data/DockGen/processed_files/6pa6_2_ASN_0/6pa6_2_ASN_0_protein_processed.pdb,data/DockGen/processed_files/6pa6_2_ASN_0/6pa6_2_ASN_2_ligand.pdb,
,data/DockGen/processed_files/6pa6_2_ASN_0/6pa6_2_ASN_0_protein_processed.pdb,data/DockGen/processed_files/6pa6_2_ASN_0/6pa6_2_ASN_3_ligand.pdb,
,data/DockGen/processed_files/6paa_1_ASP_2/6paa_1_ASP_2_protein_processed.pdb,data/DockGen/processed_files/6paa_1_ASP_2/6paa_1_ASP_0_ligand.pdb,
,data/DockGen/processed_files/6paa_1_ASP_2/6paa_1_ASP_2_protein_processed.pdb,data/DockGen/processed_files/6paa_1_ASP_2/6paa_1_ASP_1_ligand.pdb,
,data/DockGen/processed_files/6paa_1_ASP_2/6paa_1_ASP_2_protein_processed.pdb,data/DockGen/processed_files/6paa_1_ASP_2/6paa_1_ASP_2_ligand.pdb,
,data/DockGen/processed_files/6paa_1_ASP_2/6paa_1_ASP_2_protein_processed.pdb,data/DockGen/processed_files/6paa_1_ASP_2/6paa_1_ASP_3_ligand.pdb,
,data/DockGen/processed_files/6qkr_1_FAD_0/6qkr_1_FAD_0_protein_processed.pdb,data/DockGen/processed_files/6qkr_1_FAD_0/6qkr_1_FAD_0_ligand.pdb,
,data/DockGen/processed_files/6rjr_1_NDP_2/6rjr_1_NDP_2_protein_processed.pdb,data/DockGen/processed_files/6rjr_1_NDP_2/6rjr_1_NDP_0_ligand.pdb,
,data/DockGen/processed_files/6rjr_1_NDP_2/6rjr_1_NDP_2_protein_processed.pdb,data/DockGen/processed_files/6rjr_1_NDP_2/6rjr_1_NDP_1_ligand.pdb,
,data/DockGen/processed_files/6rjr_1_NDP_2/6rjr_1_NDP_2_protein_processed.pdb,data/DockGen/processed_files/6rjr_1_NDP_2/6rjr_1_NDP_2_ligand.pdb,
,data/DockGen/processed_files/6rjr_1_NDP_2/6rjr_1_NDP_2_protein_processed.pdb,data/DockGen/processed_files/6rjr_1_NDP_2/6rjr_1_NDP_3_ligand.pdb,
,data/DockGen/processed_files/6rms_1_AMP_1/6rms_1_AMP_1_protein_processed.pdb,data/DockGen/processed_files/6rms_1_AMP_1/6rms_1_AMP_0_ligand.pdb,
,data/DockGen/processed_files/6rms_1_AMP_1/6rms_1_AMP_1_protein_processed.pdb,data/DockGen/processed_files/6rms_1_AMP_1/6rms_1_AMP_1_ligand.pdb,
,data/DockGen/processed_files/6ryz_1_SAM_2/6ryz_1_SAM_2_protein_processed.pdb,data/DockGen/processed_files/6ryz_1_SAM_2/6ryz_1_SAM_0_ligand.pdb,
,data/DockGen/processed_files/6ryz_1_SAM_2/6ryz_1_SAM_2_protein_processed.pdb,data/DockGen/processed_files/6ryz_1_SAM_2/6ryz_1_SAM_1_ligand.pdb,
,data/DockGen/processed_files/6ryz_1_SAM_2/6ryz_1_SAM_2_protein_processed.pdb,data/DockGen/processed_files/6ryz_1_SAM_2/6ryz_1_SAM_2_ligand.pdb,
,data/DockGen/processed_files/3jqm_1_GTP_5/3jqm_1_GTP_5_protein_processed.pdb,data/DockGen/processed_files/3jqm_1_GTP_5/3jqm_1_GTP_0_ligand.pdb,
,data/DockGen/processed_files/3jqm_1_GTP_5/3jqm_1_GTP_5_protein_processed.pdb,data/DockGen/processed_files/3jqm_1_GTP_5/3jqm_1_GTP_1_ligand.pdb,
,data/DockGen/processed_files/3jqm_1_GTP_5/3jqm_1_GTP_5_protein_processed.pdb,data/DockGen/processed_files/3jqm_1_GTP_5/3jqm_1_GTP_2_ligand.pdb,
,data/DockGen/processed_files/3jqm_1_GTP_5/3jqm_1_GTP_5_protein_processed.pdb,data/DockGen/processed_files/3jqm_1_GTP_5/3jqm_1_GTP_3_ligand.pdb,
,data/DockGen/processed_files/3jqm_1_GTP_5/3jqm_1_GTP_5_protein_processed.pdb,data/DockGen/processed_files/3jqm_1_GTP_5/3jqm_1_GTP_4_ligand.pdb,
,data/DockGen/processed_files/3jqm_1_GTP_5/3jqm_1_GTP_5_protein_processed.pdb,data/DockGen/processed_files/3jqm_1_GTP_5/3jqm_1_GTP_5_ligand.pdb,
,data/DockGen/processed_files/3ju4_1_SLB_2/3ju4_1_SLB_2_protein_processed.pdb,data/DockGen/processed_files/3ju4_1_SLB_2/3ju4_1_SLB_0_ligand.pdb,
,data/DockGen/processed_files/3ju4_1_SLB_2/3ju4_1_SLB_2_protein_processed.pdb,data/DockGen/processed_files/3ju4_1_SLB_2/3ju4_1_SLB_1_ligand.pdb,
,data/DockGen/processed_files/3ju4_1_SLB_2/3ju4_1_SLB_2_protein_processed.pdb,data/DockGen/processed_files/3ju4_1_SLB_2/3ju4_1_SLB_2_ligand.pdb,
,data/DockGen/processed_files/3juc_1_PCA_0/3juc_1_PCA_0_protein_processed.pdb,data/DockGen/processed_files/3juc_1_PCA_0/3juc_1_PCA_0_ligand.pdb,
,data/DockGen/processed_files/3k8l_1_GLC-GLC-GLC-GLC-GLC_0/3k8l_1_GLC-GLC-GLC-GLC-GLC_0_protein_processed.pdb,data/DockGen/processed_files/3k8l_1_GLC-GLC-GLC-GLC-GLC_0/3k8l_1_GLC-GLC-GLC-GLC-GLC_0_ligand.pdb,
,data/DockGen/processed_files/3k8m_1_GLC-GLC-AC1_0/3k8m_1_GLC-GLC-AC1_0_protein_processed.pdb,data/DockGen/processed_files/3k8m_1_GLC-GLC-AC1_0/3k8m_1_GLC-GLC-AC1_0_ligand.pdb,
,data/DockGen/processed_files/3k8m_1_GLC-GLC-AC1_0/3k8m_1_GLC-GLC-AC1_0_protein_processed.pdb,data/DockGen/processed_files/3k8m_1_GLC-GLC-AC1_0/3k8m_1_GLC-GLC-AC1_1_ligand.pdb,
,data/DockGen/processed_files/3ldj_2_GU4-YYJ_0/3ldj_2_GU4-YYJ_0_protein_processed.pdb,data/DockGen/processed_files/3ldj_2_GU4-YYJ_0/3ldj_2_GU4-YYJ_0_ligand.pdb,
,data/DockGen/processed_files/3m9v_1_TYD_0/3m9v_1_TYD_0_protein_processed.pdb,data/DockGen/processed_files/3m9v_1_TYD_0/3m9v_1_TYD_0_ligand.pdb,
,data/DockGen/processed_files/3m9v_1_TYD_0/3m9v_1_TYD_0_protein_processed.pdb,data/DockGen/processed_files/3m9v_1_TYD_0/3m9v_1_TYD_1_ligand.pdb,
,data/DockGen/processed_files/3m9v_1_TYD_0/3m9v_1_TYD_0_protein_processed.pdb,data/DockGen/processed_files/3m9v_1_TYD_0/3m9v_1_TYD_2_ligand.pdb,
,data/DockGen/processed_files/3m9v_1_TYD_0/3m9v_1_TYD_0_protein_processed.pdb,data/DockGen/processed_files/3m9v_1_TYD_0/3m9v_1_TYD_3_ligand.pdb,
,data/DockGen/processed_files/3mpj_1_FAD_1/3mpj_1_FAD_1_protein_processed.pdb,data/DockGen/processed_files/3mpj_1_FAD_1/3mpj_1_FAD_0_ligand.pdb,
,data/DockGen/processed_files/3mpj_1_FAD_1/3mpj_1_FAD_1_protein_processed.pdb,data/DockGen/processed_files/3mpj_1_FAD_1/3mpj_1_FAD_1_ligand.pdb,
,data/DockGen/processed_files/3mpj_1_FAD_1/3mpj_1_FAD_1_protein_processed.pdb,data/DockGen/processed_files/3mpj_1_FAD_1/3mpj_1_FAD_2_ligand.pdb,
,data/DockGen/processed_files/3mpj_1_FAD_1/3mpj_1_FAD_1_protein_processed.pdb,data/DockGen/processed_files/3mpj_1_FAD_1/3mpj_1_FAD_3_ligand.pdb,
,data/DockGen/processed_files/3mzi_1_FMN_0/3mzi_1_FMN_0_protein_processed.pdb,data/DockGen/processed_files/3mzi_1_FMN_0/3mzi_1_FMN_0_ligand.pdb,
,data/DockGen/processed_files/3mzi_1_FMN_0/3mzi_1_FMN_0_protein_processed.pdb,data/DockGen/processed_files/3mzi_1_FMN_0/3mzi_1_FMN_1_ligand.pdb,
,data/DockGen/processed_files/3n75_1_G4P_9/3n75_1_G4P_9_protein_processed.pdb,data/DockGen/processed_files/3n75_1_G4P_9/3n75_1_G4P_0_ligand.pdb,
,data/DockGen/processed_files/3n75_1_G4P_9/3n75_1_G4P_9_protein_processed.pdb,data/DockGen/processed_files/3n75_1_G4P_9/3n75_1_G4P_1_ligand.pdb,
,data/DockGen/processed_files/3n75_1_G4P_9/3n75_1_G4P_9_protein_processed.pdb,data/DockGen/processed_files/3n75_1_G4P_9/3n75_1_G4P_2_ligand.pdb,
,data/DockGen/processed_files/3n75_1_G4P_9/3n75_1_G4P_9_protein_processed.pdb,data/DockGen/processed_files/3n75_1_G4P_9/3n75_1_G4P_3_ligand.pdb,
,data/DockGen/processed_files/3n75_1_G4P_9/3n75_1_G4P_9_protein_processed.pdb,data/DockGen/processed_files/3n75_1_G4P_9/3n75_1_G4P_4_ligand.pdb,
,data/DockGen/processed_files/3n75_1_G4P_9/3n75_1_G4P_9_protein_processed.pdb,data/DockGen/processed_files/3n75_1_G4P_9/3n75_1_G4P_5_ligand.pdb,
,data/DockGen/processed_files/3n75_1_G4P_9/3n75_1_G4P_9_protein_processed.pdb,data/DockGen/processed_files/3n75_1_G4P_9/3n75_1_G4P_6_ligand.pdb,
,data/DockGen/processed_files/3n75_1_G4P_9/3n75_1_G4P_9_protein_processed.pdb,data/DockGen/processed_files/3n75_1_G4P_9/3n75_1_G4P_7_ligand.pdb,
,data/DockGen/processed_files/3n75_1_G4P_9/3n75_1_G4P_9_protein_processed.pdb,data/DockGen/processed_files/3n75_1_G4P_9/3n75_1_G4P_8_ligand.pdb,
,data/DockGen/processed_files/3n75_1_G4P_9/3n75_1_G4P_9_protein_processed.pdb,data/DockGen/processed_files/3n75_1_G4P_9/3n75_1_G4P_9_ligand.pdb,
,data/DockGen/processed_files/3nfd_1_COA_1/3nfd_1_COA_1_protein_processed.pdb,data/DockGen/processed_files/3nfd_1_COA_1/3nfd_1_COA_0_ligand.pdb,
,data/DockGen/processed_files/3nfd_1_COA_1/3nfd_1_COA_1_protein_processed.pdb,data/DockGen/processed_files/3nfd_1_COA_1/3nfd_1_COA_1_ligand.pdb,
,data/DockGen/processed_files/3nfd_1_COA_1/3nfd_1_COA_1_protein_processed.pdb,data/DockGen/processed_files/3nfd_1_COA_1/3nfd_1_COA_2_ligand.pdb,
,data/DockGen/processed_files/3nvv_1_MTE_1/3nvv_1_MTE_1_protein_processed.pdb,data/DockGen/processed_files/3nvv_1_MTE_1/3nvv_1_MTE_0_ligand.pdb,
,data/DockGen/processed_files/3nvv_1_MTE_1/3nvv_1_MTE_1_protein_processed.pdb,data/DockGen/processed_files/3nvv_1_MTE_1/3nvv_1_MTE_1_ligand.pdb,
,data/DockGen/processed_files/3o01_2_DXC_0/3o01_2_DXC_0_protein_processed.pdb,data/DockGen/processed_files/3o01_2_DXC_0/3o01_2_DXC_0_ligand.pdb,
,data/DockGen/processed_files/3o02_2_JN3_0/3o02_2_JN3_0_protein_processed.pdb,data/DockGen/processed_files/3o02_2_JN3_0/3o02_2_JN3_0_ligand.pdb,
,data/DockGen/processed_files/3o7j_1_2AL_0/3o7j_1_2AL_0_protein_processed.pdb,data/DockGen/processed_files/3o7j_1_2AL_0/3o7j_1_2AL_0_ligand.pdb,
,data/DockGen/processed_files/3pfd_1_FDA_2/3pfd_1_FDA_2_protein_processed.pdb,data/DockGen/processed_files/3pfd_1_FDA_2/3pfd_1_FDA_0_ligand.pdb,
,data/DockGen/processed_files/3pfd_1_FDA_2/3pfd_1_FDA_2_protein_processed.pdb,data/DockGen/processed_files/3pfd_1_FDA_2/3pfd_1_FDA_1_ligand.pdb,
,data/DockGen/processed_files/3pfd_1_FDA_2/3pfd_1_FDA_2_protein_processed.pdb,data/DockGen/processed_files/3pfd_1_FDA_2/3pfd_1_FDA_2_ligand.pdb,
,data/DockGen/processed_files/3pfd_1_FDA_2/3pfd_1_FDA_2_protein_processed.pdb,data/DockGen/processed_files/3pfd_1_FDA_2/3pfd_1_FDA_3_ligand.pdb,
,data/DockGen/processed_files/3q14_1_PCR_3/3q14_1_PCR_3_protein_processed.pdb,data/DockGen/processed_files/3q14_1_PCR_3/3q14_1_PCR_0_ligand.pdb,
,data/DockGen/processed_files/3q14_1_PCR_3/3q14_1_PCR_3_protein_processed.pdb,data/DockGen/processed_files/3q14_1_PCR_3/3q14_1_PCR_1_ligand.pdb,
,data/DockGen/processed_files/3q14_1_PCR_3/3q14_1_PCR_3_protein_processed.pdb,data/DockGen/processed_files/3q14_1_PCR_3/3q14_1_PCR_2_ligand.pdb,
,data/DockGen/processed_files/3q14_1_PCR_3/3q14_1_PCR_3_protein_processed.pdb,data/DockGen/processed_files/3q14_1_PCR_3/3q14_1_PCR_3_ligand.pdb,
,data/DockGen/processed_files/3qe2_2_NAP_0/3qe2_2_NAP_0_protein_processed.pdb,data/DockGen/processed_files/3qe2_2_NAP_0/3qe2_2_NAP_0_ligand.pdb,
,data/DockGen/processed_files/3qrc_2_GU4-YYJ_0/3qrc_2_GU4-YYJ_0_protein_processed.pdb,data/DockGen/processed_files/3qrc_2_GU4-YYJ_0/3qrc_2_GU4-YYJ_0_ligand.pdb,
,data/DockGen/processed_files/3qzy_1_FAD_0/3qzy_1_FAD_0_protein_processed.pdb,data/DockGen/processed_files/3qzy_1_FAD_0/3qzy_1_FAD_0_ligand.pdb,
,data/DockGen/processed_files/3qzy_1_FAD_0/3qzy_1_FAD_0_protein_processed.pdb,data/DockGen/processed_files/3qzy_1_FAD_0/3qzy_1_FAD_1_ligand.pdb,
,data/DockGen/processed_files/3s5x_1_BMA-MAN-MAN-MAN-MAN_0/3s5x_1_BMA-MAN-MAN-MAN-MAN_0_protein_processed.pdb,data/DockGen/processed_files/3s5x_1_BMA-MAN-MAN-MAN-MAN_0/3s5x_1_BMA-MAN-MAN-MAN-MAN_0_ligand.pdb,
,data/DockGen/processed_files/3s5x_1_BMA-MAN-MAN-MAN-MAN_0/3s5x_1_BMA-MAN-MAN-MAN-MAN_0_protein_processed.pdb,data/DockGen/processed_files/3s5x_1_BMA-MAN-MAN-MAN-MAN_0/3s5x_1_BMA-MAN-MAN-MAN-MAN_1_ligand.pdb,
,data/DockGen/processed_files/3s6a_1_ANP_0/3s6a_1_ANP_0_protein_processed.pdb,data/DockGen/processed_files/3s6a_1_ANP_0/3s6a_1_ANP_0_ligand.pdb,
,data/DockGen/processed_files/3se5_1_ANP_2/3se5_1_ANP_2_protein_processed.pdb,data/DockGen/processed_files/3se5_1_ANP_2/3se5_1_ANP_0_ligand.pdb,
,data/DockGen/processed_files/3se5_1_ANP_2/3se5_1_ANP_2_protein_processed.pdb,data/DockGen/processed_files/3se5_1_ANP_2/3se5_1_ANP_1_ligand.pdb,
,data/DockGen/processed_files/3se5_1_ANP_2/3se5_1_ANP_2_protein_processed.pdb,data/DockGen/processed_files/3se5_1_ANP_2/3se5_1_ANP_2_ligand.pdb,
,data/DockGen/processed_files/3se5_1_ANP_2/3se5_1_ANP_2_protein_processed.pdb,data/DockGen/processed_files/3se5_1_ANP_2/3se5_1_ANP_3_ligand.pdb,
,data/DockGen/processed_files/3sqg_1_TP7_0/3sqg_1_TP7_0_protein_processed.pdb,data/DockGen/processed_files/3sqg_1_TP7_0/3sqg_1_TP7_0_ligand.pdb,
,data/DockGen/processed_files/3sqg_1_TP7_0/3sqg_1_TP7_0_protein_processed.pdb,data/DockGen/processed_files/3sqg_1_TP7_0/3sqg_1_TP7_1_ligand.pdb,
,data/DockGen/processed_files/1v2g_1_OCA_0/1v2g_1_OCA_0_protein_processed.pdb,data/DockGen/processed_files/1v2g_1_OCA_0/1v2g_1_OCA_0_ligand.pdb,
,data/DockGen/processed_files/1v97_1_MTE_1/1v97_1_MTE_1_protein_processed.pdb,data/DockGen/processed_files/1v97_1_MTE_1/1v97_1_MTE_0_ligand.pdb,
,data/DockGen/processed_files/1v97_1_MTE_1/1v97_1_MTE_1_protein_processed.pdb,data/DockGen/processed_files/1v97_1_MTE_1/1v97_1_MTE_1_ligand.pdb,
,data/DockGen/processed_files/1v9h_1_U5P_0/1v9h_1_U5P_0_protein_processed.pdb,data/DockGen/processed_files/1v9h_1_U5P_0/1v9h_1_U5P_0_ligand.pdb,
,data/DockGen/processed_files/1vd3_1_U2P_0/1vd3_1_U2P_0_protein_processed.pdb,data/DockGen/processed_files/1vd3_1_U2P_0/1vd3_1_U2P_0_ligand.pdb,
,data/DockGen/processed_files/1woo_1_THG_0/1woo_1_THG_0_protein_processed.pdb,data/DockGen/processed_files/1woo_1_THG_0/1woo_1_THG_0_ligand.pdb,
,data/DockGen/processed_files/1z2i_1_NAD_0/1z2i_1_NAD_0_protein_processed.pdb,data/DockGen/processed_files/1z2i_1_NAD_0/1z2i_1_NAD_0_ligand.pdb,
,data/DockGen/processed_files/1z2i_1_NAD_0/1z2i_1_NAD_0_protein_processed.pdb,data/DockGen/processed_files/1z2i_1_NAD_0/1z2i_1_NAD_1_ligand.pdb,
,data/DockGen/processed_files/1za2_1_CTP_4/1za2_1_CTP_4_protein_processed.pdb,data/DockGen/processed_files/1za2_1_CTP_4/1za2_1_CTP_0_ligand.pdb,
,data/DockGen/processed_files/1za2_1_CTP_4/1za2_1_CTP_4_protein_processed.pdb,data/DockGen/processed_files/1za2_1_CTP_4/1za2_1_CTP_1_ligand.pdb,
,data/DockGen/processed_files/1za2_1_CTP_4/1za2_1_CTP_4_protein_processed.pdb,data/DockGen/processed_files/1za2_1_CTP_4/1za2_1_CTP_2_ligand.pdb,
,data/DockGen/processed_files/1za2_1_CTP_4/1za2_1_CTP_4_protein_processed.pdb,data/DockGen/processed_files/1za2_1_CTP_4/1za2_1_CTP_3_ligand.pdb,
,data/DockGen/processed_files/1za2_1_CTP_4/1za2_1_CTP_4_protein_processed.pdb,data/DockGen/processed_files/1za2_1_CTP_4/1za2_1_CTP_4_ligand.pdb,
,data/DockGen/processed_files/1za2_1_CTP_4/1za2_1_CTP_4_protein_processed.pdb,data/DockGen/processed_files/1za2_1_CTP_4/1za2_1_CTP_5_ligand.pdb,
,data/DockGen/processed_files/1zt9_1_TRP_0/1zt9_1_TRP_0_protein_processed.pdb,data/DockGen/processed_files/1zt9_1_TRP_0/1zt9_1_TRP_0_ligand.pdb,
,data/DockGen/processed_files/1zt9_1_TRP_0/1zt9_1_TRP_0_protein_processed.pdb,data/DockGen/processed_files/1zt9_1_TRP_0/1zt9_1_TRP_1_ligand.pdb,
,data/DockGen/processed_files/2bpb_1_MSS_0/2bpb_1_MSS_0_protein_processed.pdb,data/DockGen/processed_files/2bpb_1_MSS_0/2bpb_1_MSS_0_ligand.pdb,
,data/DockGen/processed_files/2byc_2_FMN_0/2byc_2_FMN_0_protein_processed.pdb,data/DockGen/processed_files/2byc_2_FMN_0/2byc_2_FMN_0_ligand.pdb,
,data/DockGen/processed_files/2bz1_1_TAU_0/2bz1_1_TAU_0_protein_processed.pdb,data/DockGen/processed_files/2bz1_1_TAU_0/2bz1_1_TAU_0_ligand.pdb,
,data/DockGen/processed_files/2bz1_1_TAU_0/2bz1_1_TAU_0_protein_processed.pdb,data/DockGen/processed_files/2bz1_1_TAU_0/2bz1_1_TAU_1_ligand.pdb,
,data/DockGen/processed_files/2cdc_1_XYS_5/2cdc_1_XYS_5_protein_processed.pdb,data/DockGen/processed_files/2cdc_1_XYS_5/2cdc_1_XYS_0_ligand.pdb,
,data/DockGen/processed_files/2cdc_1_XYS_5/2cdc_1_XYS_5_protein_processed.pdb,data/DockGen/processed_files/2cdc_1_XYS_5/2cdc_1_XYS_1_ligand.pdb,
,data/DockGen/processed_files/2cdc_1_XYS_5/2cdc_1_XYS_5_protein_processed.pdb,data/DockGen/processed_files/2cdc_1_XYS_5/2cdc_1_XYS_2_ligand.pdb,
,data/DockGen/processed_files/2cdc_1_XYS_5/2cdc_1_XYS_5_protein_processed.pdb,data/DockGen/processed_files/2cdc_1_XYS_5/2cdc_1_XYS_3_ligand.pdb,
,data/DockGen/processed_files/2cdc_1_XYS_5/2cdc_1_XYS_5_protein_processed.pdb,data/DockGen/processed_files/2cdc_1_XYS_5/2cdc_1_XYS_4_ligand.pdb,
,data/DockGen/processed_files/2cdc_1_XYS_5/2cdc_1_XYS_5_protein_processed.pdb,data/DockGen/processed_files/2cdc_1_XYS_5/2cdc_1_XYS_5_ligand.pdb,
,data/DockGen/processed_files/2djh_1_3PD-UM3_0/2djh_1_3PD-UM3_0_protein_processed.pdb,data/DockGen/processed_files/2djh_1_3PD-UM3_0/2djh_1_3PD-UM3_0_ligand.pdb,
,data/DockGen/processed_files/2dvn_1_IMP_0/2dvn_1_IMP_0_protein_processed.pdb,data/DockGen/processed_files/2dvn_1_IMP_0/2dvn_1_IMP_0_ligand.pdb,
,data/DockGen/processed_files/2dvn_1_IMP_0/2dvn_1_IMP_0_protein_processed.pdb,data/DockGen/processed_files/2dvn_1_IMP_0/2dvn_1_IMP_1_ligand.pdb,
,data/DockGen/processed_files/2ext_1_TRP_0/2ext_1_TRP_0_protein_processed.pdb,data/DockGen/processed_files/2ext_1_TRP_0/2ext_1_TRP_0_ligand.pdb,
,data/DockGen/processed_files/2ext_1_TRP_0/2ext_1_TRP_0_protein_processed.pdb,data/DockGen/processed_files/2ext_1_TRP_0/2ext_1_TRP_10_ligand.pdb,
,data/DockGen/processed_files/2ext_1_TRP_0/2ext_1_TRP_0_protein_processed.pdb,data/DockGen/processed_files/2ext_1_TRP_0/2ext_1_TRP_11_ligand.pdb,
,data/DockGen/processed_files/2ext_1_TRP_0/2ext_1_TRP_0_protein_processed.pdb,data/DockGen/processed_files/2ext_1_TRP_0/2ext_1_TRP_1_ligand.pdb,
,data/DockGen/processed_files/2ext_1_TRP_0/2ext_1_TRP_0_protein_processed.pdb,data/DockGen/processed_files/2ext_1_TRP_0/2ext_1_TRP_2_ligand.pdb,
,data/DockGen/processed_files/2ext_1_TRP_0/2ext_1_TRP_0_protein_processed.pdb,data/DockGen/processed_files/2ext_1_TRP_0/2ext_1_TRP_3_ligand.pdb,
,data/DockGen/processed_files/2ext_1_TRP_0/2ext_1_TRP_0_protein_processed.pdb,data/DockGen/processed_files/2ext_1_TRP_0/2ext_1_TRP_4_ligand.pdb,
,data/DockGen/processed_files/2ext_1_TRP_0/2ext_1_TRP_0_protein_processed.pdb,data/DockGen/processed_files/2ext_1_TRP_0/2ext_1_TRP_5_ligand.pdb,
,data/DockGen/processed_files/2ext_1_TRP_0/2ext_1_TRP_0_protein_processed.pdb,data/DockGen/processed_files/2ext_1_TRP_0/2ext_1_TRP_6_ligand.pdb,
,data/DockGen/processed_files/2ext_1_TRP_0/2ext_1_TRP_0_protein_processed.pdb,data/DockGen/processed_files/2ext_1_TRP_0/2ext_1_TRP_7_ligand.pdb,
,data/DockGen/processed_files/2ext_1_TRP_0/2ext_1_TRP_0_protein_processed.pdb,data/DockGen/processed_files/2ext_1_TRP_0/2ext_1_TRP_8_ligand.pdb,
,data/DockGen/processed_files/2ext_1_TRP_0/2ext_1_TRP_0_protein_processed.pdb,data/DockGen/processed_files/2ext_1_TRP_0/2ext_1_TRP_9_ligand.pdb,
,data/DockGen/processed_files/2f5t_1_GLC-GLC_1/2f5t_1_GLC-GLC_1_protein_processed.pdb,data/DockGen/processed_files/2f5t_1_GLC-GLC_1/2f5t_1_GLC-GLC_0_ligand.pdb,
,data/DockGen/processed_files/2f5t_1_GLC-GLC_1/2f5t_1_GLC-GLC_1_protein_processed.pdb,data/DockGen/processed_files/2f5t_1_GLC-GLC_1/2f5t_1_GLC-GLC_1_ligand.pdb,
,data/DockGen/processed_files/2fue_1_M1P_1/2fue_1_M1P_1_protein_processed.pdb,data/DockGen/processed_files/2fue_1_M1P_1/2fue_1_M1P_0_ligand.pdb,
,data/DockGen/processed_files/2fue_1_M1P_1/2fue_1_M1P_1_protein_processed.pdb,data/DockGen/processed_files/2fue_1_M1P_1/2fue_1_M1P_1_ligand.pdb,
,data/DockGen/processed_files/2g7c_1_NAG-GAL-GLA_1/2g7c_1_NAG-GAL-GLA_1_protein_processed.pdb,data/DockGen/processed_files/2g7c_1_NAG-GAL-GLA_1/2g7c_1_NAG-GAL-GLA_0_ligand.pdb,
,data/DockGen/processed_files/2g7c_1_NAG-GAL-GLA_1/2g7c_1_NAG-GAL-GLA_1_protein_processed.pdb,data/DockGen/processed_files/2g7c_1_NAG-GAL-GLA_1/2g7c_1_NAG-GAL-GLA_1_ligand.pdb,
,data/DockGen/processed_files/2gag_1_FOA_0/2gag_1_FOA_0_protein_processed.pdb,data/DockGen/processed_files/2gag_1_FOA_0/2gag_1_FOA_0_ligand.pdb,
,data/DockGen/processed_files/2gag_1_FOA_0/2gag_1_FOA_0_protein_processed.pdb,data/DockGen/processed_files/2gag_1_FOA_0/2gag_1_FOA_1_ligand.pdb,
,data/DockGen/processed_files/2gag_1_NAD_0/2gag_1_NAD_0_protein_processed.pdb,data/DockGen/processed_files/2gag_1_NAD_0/2gag_1_NAD_0_ligand.pdb,
,data/DockGen/processed_files/2gah_1_NAD_0/2gah_1_NAD_0_protein_processed.pdb,data/DockGen/processed_files/2gah_1_NAD_0/2gah_1_NAD_0_ligand.pdb,
,data/DockGen/processed_files/2gf3_2_FOA_1/2gf3_2_FOA_1_protein_processed.pdb,data/DockGen/processed_files/2gf3_2_FOA_1/2gf3_2_FOA_0_ligand.pdb,
,data/DockGen/processed_files/2gf3_2_FOA_1/2gf3_2_FOA_1_protein_processed.pdb,data/DockGen/processed_files/2gf3_2_FOA_1/2gf3_2_FOA_1_ligand.pdb,
,data/DockGen/processed_files/2him_1_ASN_3/2him_1_ASN_3_protein_processed.pdb,data/DockGen/processed_files/2him_1_ASN_3/2him_1_ASN_0_ligand.pdb,
,data/DockGen/processed_files/2him_1_ASN_3/2him_1_ASN_3_protein_processed.pdb,data/DockGen/processed_files/2him_1_ASN_3/2him_1_ASN_1_ligand.pdb,
,data/DockGen/processed_files/2him_1_ASN_3/2him_1_ASN_3_protein_processed.pdb,data/DockGen/processed_files/2him_1_ASN_3/2him_1_ASN_2_ligand.pdb,
,data/DockGen/processed_files/2him_1_ASN_3/2him_1_ASN_3_protein_processed.pdb,data/DockGen/processed_files/2him_1_ASN_3/2him_1_ASN_3_ligand.pdb,
,data/DockGen/processed_files/2hk9_1_SKM_0/2hk9_1_SKM_0_protein_processed.pdb,data/DockGen/processed_files/2hk9_1_SKM_0/2hk9_1_SKM_0_ligand.pdb,
,data/DockGen/processed_files/2hnu_2_PHE-TYR_1/2hnu_2_PHE-TYR_1_protein_processed.pdb,data/DockGen/processed_files/2hnu_2_PHE-TYR_1/2hnu_2_PHE-TYR_0_ligand.pdb,
,data/DockGen/processed_files/2hnu_2_PHE-TYR_1/2hnu_2_PHE-TYR_1_protein_processed.pdb,data/DockGen/processed_files/2hnu_2_PHE-TYR_1/2hnu_2_PHE-TYR_1_ligand.pdb,
,data/DockGen/processed_files/2hnv_3_PHE-TYR_0/2hnv_3_PHE-TYR_0_protein_processed.pdb,data/DockGen/processed_files/2hnv_3_PHE-TYR_0/2hnv_3_PHE-TYR_0_ligand.pdb,
,data/DockGen/processed_files/2hnv_3_PHE-TYR_0/2hnv_3_PHE-TYR_0_protein_processed.pdb,data/DockGen/processed_files/2hnv_3_PHE-TYR_0/2hnv_3_PHE-TYR_1_ligand.pdb,
,data/DockGen/processed_files/2hs3_1_FGR_0/2hs3_1_FGR_0_protein_processed.pdb,data/DockGen/processed_files/2hs3_1_FGR_0/2hs3_1_FGR_0_ligand.pdb,
,data/DockGen/processed_files/4paa_1_THG_0/4paa_1_THG_0_protein_processed.pdb,data/DockGen/processed_files/4paa_1_THG_0/4paa_1_THG_0_ligand.pdb,
,data/DockGen/processed_files/4pfk_1_F6P_1/4pfk_1_F6P_1_protein_processed.pdb,data/DockGen/processed_files/4pfk_1_F6P_1/4pfk_1_F6P_0_ligand.pdb,
,data/DockGen/processed_files/4pfk_1_F6P_1/4pfk_1_F6P_1_protein_processed.pdb,data/DockGen/processed_files/4pfk_1_F6P_1/4pfk_1_F6P_1_ligand.pdb,
,data/DockGen/processed_files/4pfk_1_F6P_1/4pfk_1_F6P_1_protein_processed.pdb,data/DockGen/processed_files/4pfk_1_F6P_1/4pfk_1_F6P_2_ligand.pdb,
,data/DockGen/processed_files/4pfk_1_F6P_1/4pfk_1_F6P_1_protein_processed.pdb,data/DockGen/processed_files/4pfk_1_F6P_1/4pfk_1_F6P_3_ligand.pdb,
,data/DockGen/processed_files/4pfx_1_UDP_0/4pfx_1_UDP_0_protein_processed.pdb,data/DockGen/processed_files/4pfx_1_UDP_0/4pfx_1_UDP_0_ligand.pdb,
,data/DockGen/processed_files/4phr_1_UDP_0/4phr_1_UDP_0_protein_processed.pdb,data/DockGen/processed_files/4phr_1_UDP_0/4phr_1_UDP_0_ligand.pdb,
,data/DockGen/processed_files/4phs_1_UDP_0/4phs_1_UDP_0_protein_processed.pdb,data/DockGen/processed_files/4phs_1_UDP_0/4phs_1_UDP_0_ligand.pdb,
,data/DockGen/processed_files/4pya_1_2X3_0/4pya_1_2X3_0_protein_processed.pdb,data/DockGen/processed_files/4pya_1_2X3_0/4pya_1_2X3_0_ligand.pdb,
,data/DockGen/processed_files/4pya_1_2X3_0/4pya_1_2X3_0_protein_processed.pdb,data/DockGen/processed_files/4pya_1_2X3_0/4pya_1_2X3_1_ligand.pdb,
,data/DockGen/processed_files/4pya_1_2X3_0/4pya_1_2X3_0_protein_processed.pdb,data/DockGen/processed_files/4pya_1_2X3_0/4pya_1_2X3_2_ligand.pdb,
,data/DockGen/processed_files/4qa8_1_PJZ_0/4qa8_1_PJZ_0_protein_processed.pdb,data/DockGen/processed_files/4qa8_1_PJZ_0/4qa8_1_PJZ_0_ligand.pdb,
,data/DockGen/processed_files/4qo5_1_NAG_2/4qo5_1_NAG_2_protein_processed.pdb,data/DockGen/processed_files/4qo5_1_NAG_2/4qo5_1_NAG_0_ligand.pdb,
,data/DockGen/processed_files/4qo5_1_NAG_2/4qo5_1_NAG_2_protein_processed.pdb,data/DockGen/processed_files/4qo5_1_NAG_2/4qo5_1_NAG_1_ligand.pdb,
,data/DockGen/processed_files/4qo5_1_NAG_2/4qo5_1_NAG_2_protein_processed.pdb,data/DockGen/processed_files/4qo5_1_NAG_2/4qo5_1_NAG_2_ligand.pdb,
,data/DockGen/processed_files/4r29_1_SAM_0/4r29_1_SAM_0_protein_processed.pdb,data/DockGen/processed_files/4r29_1_SAM_0/4r29_1_SAM_0_ligand.pdb,
,data/DockGen/processed_files/4rhe_1_FMN_6/4rhe_1_FMN_6_protein_processed.pdb,data/DockGen/processed_files/4rhe_1_FMN_6/4rhe_1_FMN_0_ligand.pdb,
,data/DockGen/processed_files/4rhe_1_FMN_6/4rhe_1_FMN_6_protein_processed.pdb,data/DockGen/processed_files/4rhe_1_FMN_6/4rhe_1_FMN_10_ligand.pdb,
,data/DockGen/processed_files/4rhe_1_FMN_6/4rhe_1_FMN_6_protein_processed.pdb,data/DockGen/processed_files/4rhe_1_FMN_6/4rhe_1_FMN_11_ligand.pdb,
,data/DockGen/processed_files/4rhe_1_FMN_6/4rhe_1_FMN_6_protein_processed.pdb,data/DockGen/processed_files/4rhe_1_FMN_6/4rhe_1_FMN_1_ligand.pdb,
,data/DockGen/processed_files/4rhe_1_FMN_6/4rhe_1_FMN_6_protein_processed.pdb,data/DockGen/processed_files/4rhe_1_FMN_6/4rhe_1_FMN_2_ligand.pdb,
,data/DockGen/processed_files/4rhe_1_FMN_6/4rhe_1_FMN_6_protein_processed.pdb,data/DockGen/processed_files/4rhe_1_FMN_6/4rhe_1_FMN_3_ligand.pdb,
,data/DockGen/processed_files/4rhe_1_FMN_6/4rhe_1_FMN_6_protein_processed.pdb,data/DockGen/processed_files/4rhe_1_FMN_6/4rhe_1_FMN_4_ligand.pdb,
,data/DockGen/processed_files/4rhe_1_FMN_6/4rhe_1_FMN_6_protein_processed.pdb,data/DockGen/processed_files/4rhe_1_FMN_6/4rhe_1_FMN_5_ligand.pdb,
,data/DockGen/processed_files/4rhe_1_FMN_6/4rhe_1_FMN_6_protein_processed.pdb,data/DockGen/processed_files/4rhe_1_FMN_6/4rhe_1_FMN_6_ligand.pdb,
,data/DockGen/processed_files/4rhe_1_FMN_6/4rhe_1_FMN_6_protein_processed.pdb,data/DockGen/processed_files/4rhe_1_FMN_6/4rhe_1_FMN_7_ligand.pdb,
,data/DockGen/processed_files/4rhe_1_FMN_6/4rhe_1_FMN_6_protein_processed.pdb,data/DockGen/processed_files/4rhe_1_FMN_6/4rhe_1_FMN_8_ligand.pdb,
,data/DockGen/processed_files/4rhe_1_FMN_6/4rhe_1_FMN_6_protein_processed.pdb,data/DockGen/processed_files/4rhe_1_FMN_6/4rhe_1_FMN_9_ligand.pdb,
,data/DockGen/processed_files/4rpj_1_UDP_0/4rpj_1_UDP_0_protein_processed.pdb,data/DockGen/processed_files/4rpj_1_UDP_0/4rpj_1_UDP_0_ligand.pdb,
,data/DockGen/processed_files/4rpj_1_UDP_0/4rpj_1_UDP_0_protein_processed.pdb,data/DockGen/processed_files/4rpj_1_UDP_0/4rpj_1_UDP_1_ligand.pdb,
,data/DockGen/processed_files/4rpm_1_HXC_0/4rpm_1_HXC_0_protein_processed.pdb,data/DockGen/processed_files/4rpm_1_HXC_0/4rpm_1_HXC_0_ligand.pdb,
,data/DockGen/processed_files/4tvd_1_BGC_4/4tvd_1_BGC_4_protein_processed.pdb,data/DockGen/processed_files/4tvd_1_BGC_4/4tvd_1_BGC_0_ligand.pdb,
,data/DockGen/processed_files/4tvd_1_BGC_4/4tvd_1_BGC_4_protein_processed.pdb,data/DockGen/processed_files/4tvd_1_BGC_4/4tvd_1_BGC_1_ligand.pdb,
,data/DockGen/processed_files/4tvd_1_BGC_4/4tvd_1_BGC_4_protein_processed.pdb,data/DockGen/processed_files/4tvd_1_BGC_4/4tvd_1_BGC_2_ligand.pdb,
,data/DockGen/processed_files/4tvd_1_BGC_4/4tvd_1_BGC_4_protein_processed.pdb,data/DockGen/processed_files/4tvd_1_BGC_4/4tvd_1_BGC_3_ligand.pdb,
,data/DockGen/processed_files/4tvd_1_BGC_4/4tvd_1_BGC_4_protein_processed.pdb,data/DockGen/processed_files/4tvd_1_BGC_4/4tvd_1_BGC_4_ligand.pdb,
,data/DockGen/processed_files/4tvd_1_BGC_4/4tvd_1_BGC_4_protein_processed.pdb,data/DockGen/processed_files/4tvd_1_BGC_4/4tvd_1_BGC_5_ligand.pdb,
,data/DockGen/processed_files/4tvd_1_BGC_4/4tvd_1_BGC_4_protein_processed.pdb,data/DockGen/processed_files/4tvd_1_BGC_4/4tvd_1_BGC_6_ligand.pdb,
,data/DockGen/processed_files/4tvd_1_BGC_4/4tvd_1_BGC_4_protein_processed.pdb,data/DockGen/processed_files/4tvd_1_BGC_4/4tvd_1_BGC_7_ligand.pdb,
,data/DockGen/processed_files/4tvd_1_BGC_4/4tvd_1_BGC_4_protein_processed.pdb,data/DockGen/processed_files/4tvd_1_BGC_4/4tvd_1_BGC_8_ligand.pdb,
,data/DockGen/processed_files/4tvd_1_GLC_0/4tvd_1_GLC_0_protein_processed.pdb,data/DockGen/processed_files/4tvd_1_GLC_0/4tvd_1_GLC_0_ligand.pdb,
,data/DockGen/processed_files/4u63_1_FAD_0/4u63_1_FAD_0_protein_processed.pdb,data/DockGen/processed_files/4u63_1_FAD_0/4u63_1_FAD_0_ligand.pdb,
,data/DockGen/processed_files/4uoc_1_NCN_1/4uoc_1_NCN_1_protein_processed.pdb,data/DockGen/processed_files/4uoc_1_NCN_1/4uoc_1_NCN_0_ligand.pdb,
,data/DockGen/processed_files/4uoc_1_NCN_1/4uoc_1_NCN_1_protein_processed.pdb,data/DockGen/processed_files/4uoc_1_NCN_1/4uoc_1_NCN_1_ligand.pdb,
,data/DockGen/processed_files/4uuw_1_AMP_0/4uuw_1_AMP_0_protein_processed.pdb,data/DockGen/processed_files/4uuw_1_AMP_0/4uuw_1_AMP_0_ligand.pdb,
,data/DockGen/processed_files/4w8c_1_GLY_1/4w8c_1_GLY_1_protein_processed.pdb,data/DockGen/processed_files/4w8c_1_GLY_1/4w8c_1_GLY_0_ligand.pdb,
,data/DockGen/processed_files/4w8c_1_GLY_1/4w8c_1_GLY_1_protein_processed.pdb,data/DockGen/processed_files/4w8c_1_GLY_1/4w8c_1_GLY_1_ligand.pdb,
,data/DockGen/processed_files/4x28_1_FDA_1/4x28_1_FDA_1_protein_processed.pdb,data/DockGen/processed_files/4x28_1_FDA_1/4x28_1_FDA_0_ligand.pdb,
,data/DockGen/processed_files/4x28_1_FDA_1/4x28_1_FDA_1_protein_processed.pdb,data/DockGen/processed_files/4x28_1_FDA_1/4x28_1_FDA_1_ligand.pdb,
,data/DockGen/processed_files/4x9x_1_OLA_0/4x9x_1_OLA_0_protein_processed.pdb,data/DockGen/processed_files/4x9x_1_OLA_0/4x9x_1_OLA_0_ligand.pdb,
,data/DockGen/processed_files/4xdr_1_ADN_0/4xdr_1_ADN_0_protein_processed.pdb,data/DockGen/processed_files/4xdr_1_ADN_0/4xdr_1_ADN_0_ligand.pdb,
,data/DockGen/processed_files/4xfm_1_THE_0/4xfm_1_THE_0_protein_processed.pdb,data/DockGen/processed_files/4xfm_1_THE_0/4xfm_1_THE_0_ligand.pdb,
,data/DockGen/processed_files/4y7c_1_NAP_0/4y7c_1_NAP_0_protein_processed.pdb,data/DockGen/processed_files/4y7c_1_NAP_0/4y7c_1_NAP_0_ligand.pdb,
,data/DockGen/processed_files/4y9r_2_NAP_0/4y9r_2_NAP_0_protein_processed.pdb,data/DockGen/processed_files/4y9r_2_NAP_0/4y9r_2_NAP_0_ligand.pdb,
,data/DockGen/processed_files/4yaf_2_2AM_0/4yaf_2_2AM_0_protein_processed.pdb,data/DockGen/processed_files/4yaf_2_2AM_0/4yaf_2_2AM_0_ligand.pdb,
,data/DockGen/processed_files/2x06_2_NAD_0/2x06_2_NAD_0_protein_processed.pdb,data/DockGen/processed_files/2x06_2_NAD_0/2x06_2_NAD_0_ligand.pdb,
,data/DockGen/processed_files/2x06_2_NAD_0/2x06_2_NAD_0_protein_processed.pdb,data/DockGen/processed_files/2x06_2_NAD_0/2x06_2_NAD_1_ligand.pdb,
,data/DockGen/processed_files/2x34_2_UQ8_0/2x34_2_UQ8_0_protein_processed.pdb,data/DockGen/processed_files/2x34_2_UQ8_0/2x34_2_UQ8_0_ligand.pdb,
,data/DockGen/processed_files/2xrh_1_NIO_1/2xrh_1_NIO_1_protein_processed.pdb,data/DockGen/processed_files/2xrh_1_NIO_1/2xrh_1_NIO_0_ligand.pdb,
,data/DockGen/processed_files/2xrh_1_NIO_1/2xrh_1_NIO_1_protein_processed.pdb,data/DockGen/processed_files/2xrh_1_NIO_1/2xrh_1_NIO_1_ligand.pdb,
,data/DockGen/processed_files/2xta_1_ACO_0/2xta_1_ACO_0_protein_processed.pdb,data/DockGen/processed_files/2xta_1_ACO_0/2xta_1_ACO_0_ligand.pdb,
,data/DockGen/processed_files/2yyj_1_4HP_4/2yyj_1_4HP_4_protein_processed.pdb,data/DockGen/processed_files/2yyj_1_4HP_4/2yyj_1_4HP_0_ligand.pdb,
,data/DockGen/processed_files/2yyj_1_4HP_4/2yyj_1_4HP_4_protein_processed.pdb,data/DockGen/processed_files/2yyj_1_4HP_4/2yyj_1_4HP_1_ligand.pdb,
,data/DockGen/processed_files/2yyj_1_4HP_4/2yyj_1_4HP_4_protein_processed.pdb,data/DockGen/processed_files/2yyj_1_4HP_4/2yyj_1_4HP_2_ligand.pdb,
,data/DockGen/processed_files/2yyj_1_4HP_4/2yyj_1_4HP_4_protein_processed.pdb,data/DockGen/processed_files/2yyj_1_4HP_4/2yyj_1_4HP_3_ligand.pdb,
,data/DockGen/processed_files/2yyj_1_4HP_4/2yyj_1_4HP_4_protein_processed.pdb,data/DockGen/processed_files/2yyj_1_4HP_4/2yyj_1_4HP_4_ligand.pdb,
,data/DockGen/processed_files/2yyj_1_4HP_4/2yyj_1_4HP_4_protein_processed.pdb,data/DockGen/processed_files/2yyj_1_4HP_4/2yyj_1_4HP_5_ligand.pdb,
,data/DockGen/processed_files/2yyj_1_4HP_4/2yyj_1_4HP_4_protein_processed.pdb,data/DockGen/processed_files/2yyj_1_4HP_4/2yyj_1_4HP_6_ligand.pdb,
,data/DockGen/processed_files/2yyj_1_4HP_4/2yyj_1_4HP_4_protein_processed.pdb,data/DockGen/processed_files/2yyj_1_4HP_4/2yyj_1_4HP_7_ligand.pdb,
,data/DockGen/processed_files/2zcz_2_TRP_3/2zcz_2_TRP_3_protein_processed.pdb,data/DockGen/processed_files/2zcz_2_TRP_3/2zcz_2_TRP_0_ligand.pdb,
,data/DockGen/processed_files/2zcz_2_TRP_3/2zcz_2_TRP_3_protein_processed.pdb,data/DockGen/processed_files/2zcz_2_TRP_3/2zcz_2_TRP_10_ligand.pdb,
,data/DockGen/processed_files/2zcz_2_TRP_3/2zcz_2_TRP_3_protein_processed.pdb,data/DockGen/processed_files/2zcz_2_TRP_3/2zcz_2_TRP_11_ligand.pdb,
,data/DockGen/processed_files/2zcz_2_TRP_3/2zcz_2_TRP_3_protein_processed.pdb,data/DockGen/processed_files/2zcz_2_TRP_3/2zcz_2_TRP_1_ligand.pdb,
,data/DockGen/processed_files/2zcz_2_TRP_3/2zcz_2_TRP_3_protein_processed.pdb,data/DockGen/processed_files/2zcz_2_TRP_3/2zcz_2_TRP_2_ligand.pdb,
,data/DockGen/processed_files/2zcz_2_TRP_3/2zcz_2_TRP_3_protein_processed.pdb,data/DockGen/processed_files/2zcz_2_TRP_3/2zcz_2_TRP_3_ligand.pdb,
,data/DockGen/processed_files/2zcz_2_TRP_3/2zcz_2_TRP_3_protein_processed.pdb,data/DockGen/processed_files/2zcz_2_TRP_3/2zcz_2_TRP_4_ligand.pdb,
,data/DockGen/processed_files/2zcz_2_TRP_3/2zcz_2_TRP_3_protein_processed.pdb,data/DockGen/processed_files/2zcz_2_TRP_3/2zcz_2_TRP_5_ligand.pdb,
,data/DockGen/processed_files/2zcz_2_TRP_3/2zcz_2_TRP_3_protein_processed.pdb,data/DockGen/processed_files/2zcz_2_TRP_3/2zcz_2_TRP_6_ligand.pdb,
,data/DockGen/processed_files/2zcz_2_TRP_3/2zcz_2_TRP_3_protein_processed.pdb,data/DockGen/processed_files/2zcz_2_TRP_3/2zcz_2_TRP_7_ligand.pdb,
,data/DockGen/processed_files/2zcz_2_TRP_3/2zcz_2_TRP_3_protein_processed.pdb,data/DockGen/processed_files/2zcz_2_TRP_3/2zcz_2_TRP_8_ligand.pdb,
,data/DockGen/processed_files/2zcz_2_TRP_3/2zcz_2_TRP_3_protein_processed.pdb,data/DockGen/processed_files/2zcz_2_TRP_3/2zcz_2_TRP_9_ligand.pdb,
,data/DockGen/processed_files/2zd0_1_TRP_9/2zd0_1_TRP_9_protein_processed.pdb,data/DockGen/processed_files/2zd0_1_TRP_9/2zd0_1_TRP_0_ligand.pdb,
,data/DockGen/processed_files/2zd0_1_TRP_9/2zd0_1_TRP_9_protein_processed.pdb,data/DockGen/processed_files/2zd0_1_TRP_9/2zd0_1_TRP_10_ligand.pdb,
,data/DockGen/processed_files/2zd0_1_TRP_9/2zd0_1_TRP_9_protein_processed.pdb,data/DockGen/processed_files/2zd0_1_TRP_9/2zd0_1_TRP_11_ligand.pdb,
,data/DockGen/processed_files/2zd0_1_TRP_9/2zd0_1_TRP_9_protein_processed.pdb,data/DockGen/processed_files/2zd0_1_TRP_9/2zd0_1_TRP_1_ligand.pdb,
,data/DockGen/processed_files/2zd0_1_TRP_9/2zd0_1_TRP_9_protein_processed.pdb,data/DockGen/processed_files/2zd0_1_TRP_9/2zd0_1_TRP_2_ligand.pdb,
,data/DockGen/processed_files/2zd0_1_TRP_9/2zd0_1_TRP_9_protein_processed.pdb,data/DockGen/processed_files/2zd0_1_TRP_9/2zd0_1_TRP_3_ligand.pdb,
,data/DockGen/processed_files/2zd0_1_TRP_9/2zd0_1_TRP_9_protein_processed.pdb,data/DockGen/processed_files/2zd0_1_TRP_9/2zd0_1_TRP_4_ligand.pdb,
,data/DockGen/processed_files/2zd0_1_TRP_9/2zd0_1_TRP_9_protein_processed.pdb,data/DockGen/processed_files/2zd0_1_TRP_9/2zd0_1_TRP_5_ligand.pdb,
,data/DockGen/processed_files/2zd0_1_TRP_9/2zd0_1_TRP_9_protein_processed.pdb,data/DockGen/processed_files/2zd0_1_TRP_9/2zd0_1_TRP_6_ligand.pdb,
,data/DockGen/processed_files/2zd0_1_TRP_9/2zd0_1_TRP_9_protein_processed.pdb,data/DockGen/processed_files/2zd0_1_TRP_9/2zd0_1_TRP_7_ligand.pdb,
,data/DockGen/processed_files/2zd0_1_TRP_9/2zd0_1_TRP_9_protein_processed.pdb,data/DockGen/processed_files/2zd0_1_TRP_9/2zd0_1_TRP_8_ligand.pdb,
,data/DockGen/processed_files/2zd0_1_TRP_9/2zd0_1_TRP_9_protein_processed.pdb,data/DockGen/processed_files/2zd0_1_TRP_9/2zd0_1_TRP_9_ligand.pdb,
,data/DockGen/processed_files/2ze9_1_PD7_0/2ze9_1_PD7_0_protein_processed.pdb,data/DockGen/processed_files/2ze9_1_PD7_0/2ze9_1_PD7_0_ligand.pdb,
,data/DockGen/processed_files/2zfz_2_ARG_1/2zfz_2_ARG_1_protein_processed.pdb,data/DockGen/processed_files/2zfz_2_ARG_1/2zfz_2_ARG_0_ligand.pdb,
,data/DockGen/processed_files/2zfz_2_ARG_1/2zfz_2_ARG_1_protein_processed.pdb,data/DockGen/processed_files/2zfz_2_ARG_1/2zfz_2_ARG_1_ligand.pdb,
,data/DockGen/processed_files/2zfz_2_ARG_1/2zfz_2_ARG_1_protein_processed.pdb,data/DockGen/processed_files/2zfz_2_ARG_1/2zfz_2_ARG_2_ligand.pdb,
,data/DockGen/processed_files/2zux_1_RAM_3/2zux_1_RAM_3_protein_processed.pdb,data/DockGen/processed_files/2zux_1_RAM_3/2zux_1_RAM_0_ligand.pdb,
,data/DockGen/processed_files/2zux_1_RAM_3/2zux_1_RAM_3_protein_processed.pdb,data/DockGen/processed_files/2zux_1_RAM_3/2zux_1_RAM_1_ligand.pdb,
,data/DockGen/processed_files/2zux_1_RAM_3/2zux_1_RAM_3_protein_processed.pdb,data/DockGen/processed_files/2zux_1_RAM_3/2zux_1_RAM_2_ligand.pdb,
,data/DockGen/processed_files/2zux_1_RAM_3/2zux_1_RAM_3_protein_processed.pdb,data/DockGen/processed_files/2zux_1_RAM_3/2zux_1_RAM_3_ligand.pdb,
,data/DockGen/processed_files/3ad7_1_NAD_0/3ad7_1_NAD_0_protein_processed.pdb,data/DockGen/processed_files/3ad7_1_NAD_0/3ad7_1_NAD_0_ligand.pdb,
,data/DockGen/processed_files/3ad9_1_NAD_0/3ad9_1_NAD_0_protein_processed.pdb,data/DockGen/processed_files/3ad9_1_NAD_0/3ad9_1_NAD_0_ligand.pdb,
,data/DockGen/processed_files/3ada_1_NAD_0/3ada_1_NAD_0_protein_processed.pdb,data/DockGen/processed_files/3ada_1_NAD_0/3ada_1_NAD_0_ligand.pdb,
,data/DockGen/processed_files/3eca_1_ASP_3/3eca_1_ASP_3_protein_processed.pdb,data/DockGen/processed_files/3eca_1_ASP_3/3eca_1_ASP_0_ligand.pdb,
,data/DockGen/processed_files/3eca_1_ASP_3/3eca_1_ASP_3_protein_processed.pdb,data/DockGen/processed_files/3eca_1_ASP_3/3eca_1_ASP_1_ligand.pdb,
,data/DockGen/processed_files/3eca_1_ASP_3/3eca_1_ASP_3_protein_processed.pdb,data/DockGen/processed_files/3eca_1_ASP_3/3eca_1_ASP_2_ligand.pdb,
,data/DockGen/processed_files/3eca_1_ASP_3/3eca_1_ASP_3_protein_processed.pdb,data/DockGen/processed_files/3eca_1_ASP_3/3eca_1_ASP_3_ligand.pdb,
,data/DockGen/processed_files/3gf4_1_FAD_1/3gf4_1_FAD_1_protein_processed.pdb,data/DockGen/processed_files/3gf4_1_FAD_1/3gf4_1_FAD_0_ligand.pdb,
,data/DockGen/processed_files/3gf4_1_FAD_1/3gf4_1_FAD_1_protein_processed.pdb,data/DockGen/processed_files/3gf4_1_FAD_1/3gf4_1_FAD_1_ligand.pdb,
,data/DockGen/processed_files/3gf4_1_U5P_0/3gf4_1_U5P_0_protein_processed.pdb,data/DockGen/processed_files/3gf4_1_U5P_0/3gf4_1_U5P_0_ligand.pdb,
,data/DockGen/processed_files/3gfz_1_FMN_1/3gfz_1_FMN_1_protein_processed.pdb,data/DockGen/processed_files/3gfz_1_FMN_1/3gfz_1_FMN_0_ligand.pdb,
,data/DockGen/processed_files/3gfz_1_FMN_1/3gfz_1_FMN_1_protein_processed.pdb,data/DockGen/processed_files/3gfz_1_FMN_1/3gfz_1_FMN_1_ligand.pdb,
,data/DockGen/processed_files/3gnc_1_QQQ_0/3gnc_1_QQQ_0_protein_processed.pdb,data/DockGen/processed_files/3gnc_1_QQQ_0/3gnc_1_QQQ_0_ligand.pdb,
,data/DockGen/processed_files/3gnc_1_QQQ_0/3gnc_1_QQQ_0_protein_processed.pdb,data/DockGen/processed_files/3gnc_1_QQQ_0/3gnc_1_QQQ_1_ligand.pdb,
,data/DockGen/processed_files/3gnc_1_QQQ_0/3gnc_1_QQQ_0_protein_processed.pdb,data/DockGen/processed_files/3gnc_1_QQQ_0/3gnc_1_QQQ_2_ligand.pdb,
,data/DockGen/processed_files/3gnc_1_QQQ_0/3gnc_1_QQQ_0_protein_processed.pdb,data/DockGen/processed_files/3gnc_1_QQQ_0/3gnc_1_QQQ_3_ligand.pdb,
,data/DockGen/processed_files/3gqt_4_UFO_0/3gqt_4_UFO_0_protein_processed.pdb,data/DockGen/processed_files/3gqt_4_UFO_0/3gqt_4_UFO_0_ligand.pdb,
,data/DockGen/processed_files/3gsi_1_THG_3/3gsi_1_THG_3_protein_processed.pdb,data/DockGen/processed_files/3gsi_1_THG_3/3gsi_1_THG_0_ligand.pdb,
,data/DockGen/processed_files/3gsi_1_THG_3/3gsi_1_THG_3_protein_processed.pdb,data/DockGen/processed_files/3gsi_1_THG_3/3gsi_1_THG_1_ligand.pdb,
,data/DockGen/processed_files/3gsi_1_THG_3/3gsi_1_THG_3_protein_processed.pdb,data/DockGen/processed_files/3gsi_1_THG_3/3gsi_1_THG_2_ligand.pdb,
,data/DockGen/processed_files/3gsi_1_THG_3/3gsi_1_THG_3_protein_processed.pdb,data/DockGen/processed_files/3gsi_1_THG_3/3gsi_1_THG_3_ligand.pdb,
,data/DockGen/processed_files/3gvl_1_SLB_2/3gvl_1_SLB_2_protein_processed.pdb,data/DockGen/processed_files/3gvl_1_SLB_2/3gvl_1_SLB_0_ligand.pdb,
,data/DockGen/processed_files/3gvl_1_SLB_2/3gvl_1_SLB_2_protein_processed.pdb,data/DockGen/processed_files/3gvl_1_SLB_2/3gvl_1_SLB_1_ligand.pdb,
,data/DockGen/processed_files/3gvl_1_SLB_2/3gvl_1_SLB_2_protein_processed.pdb,data/DockGen/processed_files/3gvl_1_SLB_2/3gvl_1_SLB_2_ligand.pdb,
,data/DockGen/processed_files/3he3_5_UDP_0/3he3_5_UDP_0_protein_processed.pdb,data/DockGen/processed_files/3he3_5_UDP_0/3he3_5_UDP_0_ligand.pdb,
,data/DockGen/processed_files/3he3_5_UDP_0/3he3_5_UDP_0_protein_processed.pdb,data/DockGen/processed_files/3he3_5_UDP_0/3he3_5_UDP_1_ligand.pdb,
,data/DockGen/processed_files/3inr_1_GDU_0/3inr_1_GDU_0_protein_processed.pdb,data/DockGen/processed_files/3inr_1_GDU_0/3inr_1_GDU_0_ligand.pdb,
,data/DockGen/processed_files/3inr_1_GDU_0/3inr_1_GDU_0_protein_processed.pdb,data/DockGen/processed_files/3inr_1_GDU_0/3inr_1_GDU_1_ligand.pdb,
,data/DockGen/processed_files/3iqf_1_E4M_5/3iqf_1_E4M_5_protein_processed.pdb,data/DockGen/processed_files/3iqf_1_E4M_5/3iqf_1_E4M_0_ligand.pdb,
,data/DockGen/processed_files/3iqf_1_E4M_5/3iqf_1_E4M_5_protein_processed.pdb,data/DockGen/processed_files/3iqf_1_E4M_5/3iqf_1_E4M_1_ligand.pdb,
,data/DockGen/processed_files/3iqf_1_E4M_5/3iqf_1_E4M_5_protein_processed.pdb,data/DockGen/processed_files/3iqf_1_E4M_5/3iqf_1_E4M_2_ligand.pdb,
,data/DockGen/processed_files/3iqf_1_E4M_5/3iqf_1_E4M_5_protein_processed.pdb,data/DockGen/processed_files/3iqf_1_E4M_5/3iqf_1_E4M_3_ligand.pdb,
,data/DockGen/processed_files/3iqf_1_E4M_5/3iqf_1_E4M_5_protein_processed.pdb,data/DockGen/processed_files/3iqf_1_E4M_5/3iqf_1_E4M_4_ligand.pdb,
,data/DockGen/processed_files/3iqf_1_E4M_5/3iqf_1_E4M_5_protein_processed.pdb,data/DockGen/processed_files/3iqf_1_E4M_5/3iqf_1_E4M_5_ligand.pdb,
,data/DockGen/processed_files/5dnc_1_ASN_2/5dnc_1_ASN_2_protein_processed.pdb,data/DockGen/processed_files/5dnc_1_ASN_2/5dnc_1_ASN_0_ligand.pdb,
,data/DockGen/processed_files/5dnc_1_ASN_2/5dnc_1_ASN_2_protein_processed.pdb,data/DockGen/processed_files/5dnc_1_ASN_2/5dnc_1_ASN_1_ligand.pdb,
,data/DockGen/processed_files/5dnc_1_ASN_2/5dnc_1_ASN_2_protein_processed.pdb,data/DockGen/processed_files/5dnc_1_ASN_2/5dnc_1_ASN_2_ligand.pdb,
,data/DockGen/processed_files/5dnc_1_ASN_2/5dnc_1_ASN_2_protein_processed.pdb,data/DockGen/processed_files/5dnc_1_ASN_2/5dnc_1_ASN_3_ligand.pdb,
,data/DockGen/processed_files/5eno_1_5QG_0/5eno_1_5QG_0_protein_processed.pdb,data/DockGen/processed_files/5eno_1_5QG_0/5eno_1_5QG_0_ligand.pdb,
,data/DockGen/processed_files/5enp_1_5QF_0/5enp_1_5QF_0_protein_processed.pdb,data/DockGen/processed_files/5enp_1_5QF_0/5enp_1_5QF_0_ligand.pdb,
,data/DockGen/processed_files/5enq_1_5QE_0/5enq_1_5QE_0_protein_processed.pdb,data/DockGen/processed_files/5enq_1_5QE_0/5enq_1_5QE_0_ligand.pdb,
,data/DockGen/processed_files/5enr_1_MBX_0/5enr_1_MBX_0_protein_processed.pdb,data/DockGen/processed_files/5enr_1_MBX_0/5enr_1_MBX_0_ligand.pdb,
,data/DockGen/processed_files/5ent_1_MIY_0/5ent_1_MIY_0_protein_processed.pdb,data/DockGen/processed_files/5ent_1_MIY_0/5ent_1_MIY_0_ligand.pdb,
,data/DockGen/processed_files/5ers_1_AMP_1/5ers_1_AMP_1_protein_processed.pdb,data/DockGen/processed_files/5ers_1_AMP_1/5ers_1_AMP_0_ligand.pdb,
,data/DockGen/processed_files/5ers_1_AMP_1/5ers_1_AMP_1_protein_processed.pdb,data/DockGen/processed_files/5ers_1_AMP_1/5ers_1_AMP_1_ligand.pdb,
,data/DockGen/processed_files/5ezu_1_MYR_1/5ezu_1_MYR_1_protein_processed.pdb,data/DockGen/processed_files/5ezu_1_MYR_1/5ezu_1_MYR_0_ligand.pdb,
,data/DockGen/processed_files/5ezu_1_MYR_1/5ezu_1_MYR_1_protein_processed.pdb,data/DockGen/processed_files/5ezu_1_MYR_1/5ezu_1_MYR_1_ligand.pdb,
,data/DockGen/processed_files/5f2t_1_PLM_0/5f2t_1_PLM_0_protein_processed.pdb,data/DockGen/processed_files/5f2t_1_PLM_0/5f2t_1_PLM_0_ligand.pdb,
,data/DockGen/processed_files/5f52_1_ASP_2/5f52_1_ASP_2_protein_processed.pdb,data/DockGen/processed_files/5f52_1_ASP_2/5f52_1_ASP_0_ligand.pdb,
,data/DockGen/processed_files/5f52_1_ASP_2/5f52_1_ASP_2_protein_processed.pdb,data/DockGen/processed_files/5f52_1_ASP_2/5f52_1_ASP_1_ligand.pdb,
,data/DockGen/processed_files/5f52_1_ASP_2/5f52_1_ASP_2_protein_processed.pdb,data/DockGen/processed_files/5f52_1_ASP_2/5f52_1_ASP_2_ligand.pdb,
,data/DockGen/processed_files/5f52_1_ASP_2/5f52_1_ASP_2_protein_processed.pdb,data/DockGen/processed_files/5f52_1_ASP_2/5f52_1_ASP_3_ligand.pdb,
,data/DockGen/processed_files/5fa6_1_NAP_0/5fa6_1_NAP_0_protein_processed.pdb,data/DockGen/processed_files/5fa6_1_NAP_0/5fa6_1_NAP_0_ligand.pdb,
,data/DockGen/processed_files/5fiu_1_Y3J_3/5fiu_1_Y3J_3_protein_processed.pdb,data/DockGen/processed_files/5fiu_1_Y3J_3/5fiu_1_Y3J_0_ligand.pdb,
,data/DockGen/processed_files/5fiu_1_Y3J_3/5fiu_1_Y3J_3_protein_processed.pdb,data/DockGen/processed_files/5fiu_1_Y3J_3/5fiu_1_Y3J_1_ligand.pdb,
,data/DockGen/processed_files/5fiu_1_Y3J_3/5fiu_1_Y3J_3_protein_processed.pdb,data/DockGen/processed_files/5fiu_1_Y3J_3/5fiu_1_Y3J_2_ligand.pdb,
,data/DockGen/processed_files/5fiu_1_Y3J_3/5fiu_1_Y3J_3_protein_processed.pdb,data/DockGen/processed_files/5fiu_1_Y3J_3/5fiu_1_Y3J_3_ligand.pdb,
,data/DockGen/processed_files/5fiu_1_Y3J_3/5fiu_1_Y3J_3_protein_processed.pdb,data/DockGen/processed_files/5fiu_1_Y3J_3/5fiu_1_Y3J_4_ligand.pdb,
,data/DockGen/processed_files/5fiu_1_Y3J_3/5fiu_1_Y3J_3_protein_processed.pdb,data/DockGen/processed_files/5fiu_1_Y3J_3/5fiu_1_Y3J_5_ligand.pdb,
,data/DockGen/processed_files/5fm0_1_WAQ_0/5fm0_1_WAQ_0_protein_processed.pdb,data/DockGen/processed_files/5fm0_1_WAQ_0/5fm0_1_WAQ_0_ligand.pdb,
,data/DockGen/processed_files/5fm0_1_WAQ_0/5fm0_1_WAQ_0_protein_processed.pdb,data/DockGen/processed_files/5fm0_1_WAQ_0/5fm0_1_WAQ_1_ligand.pdb,
,data/DockGen/processed_files/5fxd_1_H7Y_1/5fxd_1_H7Y_1_protein_processed.pdb,data/DockGen/processed_files/5fxd_1_H7Y_1/5fxd_1_H7Y_0_ligand.pdb,
,data/DockGen/processed_files/5fxd_1_H7Y_1/5fxd_1_H7Y_1_protein_processed.pdb,data/DockGen/processed_files/5fxd_1_H7Y_1/5fxd_1_H7Y_1_ligand.pdb,
,data/DockGen/processed_files/5fxe_1_CIY_1/5fxe_1_CIY_1_protein_processed.pdb,data/DockGen/processed_files/5fxe_1_CIY_1/5fxe_1_CIY_0_ligand.pdb,
,data/DockGen/processed_files/5fxe_1_CIY_1/5fxe_1_CIY_1_protein_processed.pdb,data/DockGen/processed_files/5fxe_1_CIY_1/5fxe_1_CIY_1_ligand.pdb,
,data/DockGen/processed_files/5fxf_1_BEZ_0/5fxf_1_BEZ_0_protein_processed.pdb,data/DockGen/processed_files/5fxf_1_BEZ_0/5fxf_1_BEZ_0_ligand.pdb,
,data/DockGen/processed_files/5fxf_1_BEZ_0/5fxf_1_BEZ_0_protein_processed.pdb,data/DockGen/processed_files/5fxf_1_BEZ_0/5fxf_1_BEZ_1_ligand.pdb,
,data/DockGen/processed_files/5gqi_1_ATP_7/5gqi_1_ATP_7_protein_processed.pdb,data/DockGen/processed_files/5gqi_1_ATP_7/5gqi_1_ATP_0_ligand.pdb,
,data/DockGen/processed_files/5gqi_1_ATP_7/5gqi_1_ATP_7_protein_processed.pdb,data/DockGen/processed_files/5gqi_1_ATP_7/5gqi_1_ATP_10_ligand.pdb,
,data/DockGen/processed_files/5gqi_1_ATP_7/5gqi_1_ATP_7_protein_processed.pdb,data/DockGen/processed_files/5gqi_1_ATP_7/5gqi_1_ATP_11_ligand.pdb,
,data/DockGen/processed_files/5gqi_1_ATP_7/5gqi_1_ATP_7_protein_processed.pdb,data/DockGen/processed_files/5gqi_1_ATP_7/5gqi_1_ATP_1_ligand.pdb,
,data/DockGen/processed_files/5gqi_1_ATP_7/5gqi_1_ATP_7_protein_processed.pdb,data/DockGen/processed_files/5gqi_1_ATP_7/5gqi_1_ATP_2_ligand.pdb,
,data/DockGen/processed_files/5gqi_1_ATP_7/5gqi_1_ATP_7_protein_processed.pdb,data/DockGen/processed_files/5gqi_1_ATP_7/5gqi_1_ATP_3_ligand.pdb,
,data/DockGen/processed_files/5gqi_1_ATP_7/5gqi_1_ATP_7_protein_processed.pdb,data/DockGen/processed_files/5gqi_1_ATP_7/5gqi_1_ATP_4_ligand.pdb,
,data/DockGen/processed_files/5gqi_1_ATP_7/5gqi_1_ATP_7_protein_processed.pdb,data/DockGen/processed_files/5gqi_1_ATP_7/5gqi_1_ATP_5_ligand.pdb,
,data/DockGen/processed_files/5gqi_1_ATP_7/5gqi_1_ATP_7_protein_processed.pdb,data/DockGen/processed_files/5gqi_1_ATP_7/5gqi_1_ATP_6_ligand.pdb,
,data/DockGen/processed_files/5gqi_1_ATP_7/5gqi_1_ATP_7_protein_processed.pdb,data/DockGen/processed_files/5gqi_1_ATP_7/5gqi_1_ATP_7_ligand.pdb,
,data/DockGen/processed_files/5gqi_1_ATP_7/5gqi_1_ATP_7_protein_processed.pdb,data/DockGen/processed_files/5gqi_1_ATP_7/5gqi_1_ATP_8_ligand.pdb,
,data/DockGen/processed_files/5gqi_1_ATP_7/5gqi_1_ATP_7_protein_processed.pdb,data/DockGen/processed_files/5gqi_1_ATP_7/5gqi_1_ATP_9_ligand.pdb,
,data/DockGen/processed_files/5gql_1_ATP_4/5gql_1_ATP_4_protein_processed.pdb,data/DockGen/processed_files/5gql_1_ATP_4/5gql_1_ATP_0_ligand.pdb,
,data/DockGen/processed_files/5gql_1_ATP_4/5gql_1_ATP_4_protein_processed.pdb,data/DockGen/processed_files/5gql_1_ATP_4/5gql_1_ATP_10_ligand.pdb,
,data/DockGen/processed_files/5gql_1_ATP_4/5gql_1_ATP_4_protein_processed.pdb,data/DockGen/processed_files/5gql_1_ATP_4/5gql_1_ATP_11_ligand.pdb,
,data/DockGen/processed_files/5gql_1_ATP_4/5gql_1_ATP_4_protein_processed.pdb,data/DockGen/processed_files/5gql_1_ATP_4/5gql_1_ATP_1_ligand.pdb,
,data/DockGen/processed_files/5gql_1_ATP_4/5gql_1_ATP_4_protein_processed.pdb,data/DockGen/processed_files/5gql_1_ATP_4/5gql_1_ATP_2_ligand.pdb,
,data/DockGen/processed_files/5gql_1_ATP_4/5gql_1_ATP_4_protein_processed.pdb,data/DockGen/processed_files/5gql_1_ATP_4/5gql_1_ATP_3_ligand.pdb,
,data/DockGen/processed_files/5gql_1_ATP_4/5gql_1_ATP_4_protein_processed.pdb,data/DockGen/processed_files/5gql_1_ATP_4/5gql_1_ATP_4_ligand.pdb,
,data/DockGen/processed_files/5gql_1_ATP_4/5gql_1_ATP_4_protein_processed.pdb,data/DockGen/processed_files/5gql_1_ATP_4/5gql_1_ATP_5_ligand.pdb,
,data/DockGen/processed_files/5gql_1_ATP_4/5gql_1_ATP_4_protein_processed.pdb,data/DockGen/processed_files/5gql_1_ATP_4/5gql_1_ATP_6_ligand.pdb,
,data/DockGen/processed_files/5gql_1_ATP_4/5gql_1_ATP_4_protein_processed.pdb,data/DockGen/processed_files/5gql_1_ATP_4/5gql_1_ATP_7_ligand.pdb,
,data/DockGen/processed_files/5gql_1_ATP_4/5gql_1_ATP_4_protein_processed.pdb,data/DockGen/processed_files/5gql_1_ATP_4/5gql_1_ATP_8_ligand.pdb,
,data/DockGen/processed_files/5gql_1_ATP_4/5gql_1_ATP_4_protein_processed.pdb,data/DockGen/processed_files/5gql_1_ATP_4/5gql_1_ATP_9_ligand.pdb,
,data/DockGen/processed_files/5h4s_1_RAM_1/5h4s_1_RAM_1_protein_processed.pdb,data/DockGen/processed_files/5h4s_1_RAM_1/5h4s_1_RAM_0_ligand.pdb,
,data/DockGen/processed_files/5h4s_1_RAM_1/5h4s_1_RAM_1_protein_processed.pdb,data/DockGen/processed_files/5h4s_1_RAM_1/5h4s_1_RAM_1_ligand.pdb,
,data/DockGen/processed_files/5h4s_1_RAM_1/5h4s_1_RAM_1_protein_processed.pdb,data/DockGen/processed_files/5h4s_1_RAM_1/5h4s_1_RAM_2_ligand.pdb,
,data/DockGen/processed_files/5h4s_1_RAM_1/5h4s_1_RAM_1_protein_processed.pdb,data/DockGen/processed_files/5h4s_1_RAM_1/5h4s_1_RAM_3_ligand.pdb,
,data/DockGen/processed_files/5h4s_1_RAM_1/5h4s_1_RAM_1_protein_processed.pdb,data/DockGen/processed_files/5h4s_1_RAM_1/5h4s_1_RAM_4_ligand.pdb,
,data/DockGen/processed_files/5h4s_1_RAM_1/5h4s_1_RAM_1_protein_processed.pdb,data/DockGen/processed_files/5h4s_1_RAM_1/5h4s_1_RAM_5_ligand.pdb,
,data/DockGen/processed_files/5hhz_1_ZME_0/5hhz_1_ZME_0_protein_processed.pdb,data/DockGen/processed_files/5hhz_1_ZME_0/5hhz_1_ZME_0_ligand.pdb,
,data/DockGen/processed_files/5hmr_1_FDZ_0/5hmr_1_FDZ_0_protein_processed.pdb,data/DockGen/processed_files/5hmr_1_FDZ_0/5hmr_1_FDZ_0_ligand.pdb,
,data/DockGen/processed_files/5hqx_1_EDZ_0/5hqx_1_EDZ_0_protein_processed.pdb,data/DockGen/processed_files/5hqx_1_EDZ_0/5hqx_1_EDZ_0_ligand.pdb,
,data/DockGen/processed_files/3t58_3_FAD_0/3t58_3_FAD_0_protein_processed.pdb,data/DockGen/processed_files/3t58_3_FAD_0/3t58_3_FAD_0_ligand.pdb,
,data/DockGen/processed_files/3ub7_1_ACM_1/3ub7_1_ACM_1_protein_processed.pdb,data/DockGen/processed_files/3ub7_1_ACM_1/3ub7_1_ACM_0_ligand.pdb,
,data/DockGen/processed_files/3ub7_1_ACM_1/3ub7_1_ACM_1_protein_processed.pdb,data/DockGen/processed_files/3ub7_1_ACM_1/3ub7_1_ACM_1_ligand.pdb,
,data/DockGen/processed_files/3ub9_1_NHY_1/3ub9_1_NHY_1_protein_processed.pdb,data/DockGen/processed_files/3ub9_1_NHY_1/3ub9_1_NHY_0_ligand.pdb,
,data/DockGen/processed_files/3ub9_1_NHY_1/3ub9_1_NHY_1_protein_processed.pdb,data/DockGen/processed_files/3ub9_1_NHY_1/3ub9_1_NHY_1_ligand.pdb,
,data/DockGen/processed_files/3uni_1_SAL_0/3uni_1_SAL_0_protein_processed.pdb,data/DockGen/processed_files/3uni_1_SAL_0/3uni_1_SAL_0_ligand.pdb,
,data/DockGen/processed_files/3uni_1_SAL_0/3uni_1_SAL_0_protein_processed.pdb,data/DockGen/processed_files/3uni_1_SAL_0/3uni_1_SAL_1_ligand.pdb,
,data/DockGen/processed_files/3wrb_1_GDE_0/3wrb_1_GDE_0_protein_processed.pdb,data/DockGen/processed_files/3wrb_1_GDE_0/3wrb_1_GDE_0_ligand.pdb,
,data/DockGen/processed_files/3wrb_1_GDE_0/3wrb_1_GDE_0_protein_processed.pdb,data/DockGen/processed_files/3wrb_1_GDE_0/3wrb_1_GDE_1_ligand.pdb,
,data/DockGen/processed_files/3wur_1_O4B_1/3wur_1_O4B_1_protein_processed.pdb,data/DockGen/processed_files/3wur_1_O4B_1/3wur_1_O4B_0_ligand.pdb,
,data/DockGen/processed_files/3wur_1_O4B_1/3wur_1_O4B_1_protein_processed.pdb,data/DockGen/processed_files/3wur_1_O4B_1/3wur_1_O4B_1_ligand.pdb,
,data/DockGen/processed_files/3wur_1_O4B_1/3wur_1_O4B_1_protein_processed.pdb,data/DockGen/processed_files/3wur_1_O4B_1/3wur_1_O4B_2_ligand.pdb,
,data/DockGen/processed_files/3wur_1_O4B_1/3wur_1_O4B_1_protein_processed.pdb,data/DockGen/processed_files/3wur_1_O4B_1/3wur_1_O4B_3_ligand.pdb,
,data/DockGen/processed_files/3wur_1_O4B_1/3wur_1_O4B_1_protein_processed.pdb,data/DockGen/processed_files/3wur_1_O4B_1/3wur_1_O4B_4_ligand.pdb,
,data/DockGen/processed_files/3wur_1_O4B_1/3wur_1_O4B_1_protein_processed.pdb,data/DockGen/processed_files/3wur_1_O4B_1/3wur_1_O4B_5_ligand.pdb,
,data/DockGen/processed_files/3wvc_1_FEG_0/3wvc_1_FEG_0_protein_processed.pdb,data/DockGen/processed_files/3wvc_1_FEG_0/3wvc_1_FEG_0_ligand.pdb,
,data/DockGen/processed_files/3zec_1_ANP_0/3zec_1_ANP_0_protein_processed.pdb,data/DockGen/processed_files/3zec_1_ANP_0/3zec_1_ANP_0_ligand.pdb,
,data/DockGen/processed_files/3zec_1_ANP_0/3zec_1_ANP_0_protein_processed.pdb,data/DockGen/processed_files/3zec_1_ANP_0/3zec_1_ANP_1_ligand.pdb,
,data/DockGen/processed_files/3zjx_1_BOG_0/3zjx_1_BOG_0_protein_processed.pdb,data/DockGen/processed_files/3zjx_1_BOG_0/3zjx_1_BOG_0_ligand.pdb,
,data/DockGen/processed_files/3zqu_1_FNR_5/3zqu_1_FNR_5_protein_processed.pdb,data/DockGen/processed_files/3zqu_1_FNR_5/3zqu_1_FNR_0_ligand.pdb,
,data/DockGen/processed_files/3zqu_1_FNR_5/3zqu_1_FNR_5_protein_processed.pdb,data/DockGen/processed_files/3zqu_1_FNR_5/3zqu_1_FNR_10_ligand.pdb,
,data/DockGen/processed_files/3zqu_1_FNR_5/3zqu_1_FNR_5_protein_processed.pdb,data/DockGen/processed_files/3zqu_1_FNR_5/3zqu_1_FNR_11_ligand.pdb,
,data/DockGen/processed_files/3zqu_1_FNR_5/3zqu_1_FNR_5_protein_processed.pdb,data/DockGen/processed_files/3zqu_1_FNR_5/3zqu_1_FNR_1_ligand.pdb,
,data/DockGen/processed_files/3zqu_1_FNR_5/3zqu_1_FNR_5_protein_processed.pdb,data/DockGen/processed_files/3zqu_1_FNR_5/3zqu_1_FNR_2_ligand.pdb,
,data/DockGen/processed_files/3zqu_1_FNR_5/3zqu_1_FNR_5_protein_processed.pdb,data/DockGen/processed_files/3zqu_1_FNR_5/3zqu_1_FNR_3_ligand.pdb,
,data/DockGen/processed_files/3zqu_1_FNR_5/3zqu_1_FNR_5_protein_processed.pdb,data/DockGen/processed_files/3zqu_1_FNR_5/3zqu_1_FNR_4_ligand.pdb,
,data/DockGen/processed_files/3zqu_1_FNR_5/3zqu_1_FNR_5_protein_processed.pdb,data/DockGen/processed_files/3zqu_1_FNR_5/3zqu_1_FNR_5_ligand.pdb,
,data/DockGen/processed_files/3zqu_1_FNR_5/3zqu_1_FNR_5_protein_processed.pdb,data/DockGen/processed_files/3zqu_1_FNR_5/3zqu_1_FNR_6_ligand.pdb,
,data/DockGen/processed_files/3zqu_1_FNR_5/3zqu_1_FNR_5_protein_processed.pdb,data/DockGen/processed_files/3zqu_1_FNR_5/3zqu_1_FNR_7_ligand.pdb,
,data/DockGen/processed_files/3zqu_1_FNR_5/3zqu_1_FNR_5_protein_processed.pdb,data/DockGen/processed_files/3zqu_1_FNR_5/3zqu_1_FNR_8_ligand.pdb,
,data/DockGen/processed_files/3zqu_1_FNR_5/3zqu_1_FNR_5_protein_processed.pdb,data/DockGen/processed_files/3zqu_1_FNR_5/3zqu_1_FNR_9_ligand.pdb,
,data/DockGen/processed_files/3zzs_1_TRP_3/3zzs_1_TRP_3_protein_processed.pdb,data/DockGen/processed_files/3zzs_1_TRP_3/3zzs_1_TRP_0_ligand.pdb,
,data/DockGen/processed_files/3zzs_1_TRP_3/3zzs_1_TRP_3_protein_processed.pdb,data/DockGen/processed_files/3zzs_1_TRP_3/3zzs_1_TRP_10_ligand.pdb,
,data/DockGen/processed_files/3zzs_1_TRP_3/3zzs_1_TRP_3_protein_processed.pdb,data/DockGen/processed_files/3zzs_1_TRP_3/3zzs_1_TRP_11_ligand.pdb,
,data/DockGen/processed_files/3zzs_1_TRP_3/3zzs_1_TRP_3_protein_processed.pdb,data/DockGen/processed_files/3zzs_1_TRP_3/3zzs_1_TRP_1_ligand.pdb,
,data/DockGen/processed_files/3zzs_1_TRP_3/3zzs_1_TRP_3_protein_processed.pdb,data/DockGen/processed_files/3zzs_1_TRP_3/3zzs_1_TRP_2_ligand.pdb,
,data/DockGen/processed_files/3zzs_1_TRP_3/3zzs_1_TRP_3_protein_processed.pdb,data/DockGen/processed_files/3zzs_1_TRP_3/3zzs_1_TRP_3_ligand.pdb,
,data/DockGen/processed_files/3zzs_1_TRP_3/3zzs_1_TRP_3_protein_processed.pdb,data/DockGen/processed_files/3zzs_1_TRP_3/3zzs_1_TRP_4_ligand.pdb,
,data/DockGen/processed_files/3zzs_1_TRP_3/3zzs_1_TRP_3_protein_processed.pdb,data/DockGen/processed_files/3zzs_1_TRP_3/3zzs_1_TRP_5_ligand.pdb,
,data/DockGen/processed_files/3zzs_1_TRP_3/3zzs_1_TRP_3_protein_processed.pdb,data/DockGen/processed_files/3zzs_1_TRP_3/3zzs_1_TRP_6_ligand.pdb,
,data/DockGen/processed_files/3zzs_1_TRP_3/3zzs_1_TRP_3_protein_processed.pdb,data/DockGen/processed_files/3zzs_1_TRP_3/3zzs_1_TRP_7_ligand.pdb,
,data/DockGen/processed_files/3zzs_1_TRP_3/3zzs_1_TRP_3_protein_processed.pdb,data/DockGen/processed_files/3zzs_1_TRP_3/3zzs_1_TRP_8_ligand.pdb,
,data/DockGen/processed_files/3zzs_1_TRP_3/3zzs_1_TRP_3_protein_processed.pdb,data/DockGen/processed_files/3zzs_1_TRP_3/3zzs_1_TRP_9_ligand.pdb,
,data/DockGen/processed_files/4b4v_1_L34_0/4b4v_1_L34_0_protein_processed.pdb,data/DockGen/processed_files/4b4v_1_L34_0/4b4v_1_L34_0_ligand.pdb,
,data/DockGen/processed_files/4b4v_1_L34_0/4b4v_1_L34_0_protein_processed.pdb,data/DockGen/processed_files/4b4v_1_L34_0/4b4v_1_L34_1_ligand.pdb,
,data/DockGen/processed_files/4bc9_1_CNV-FAD_0/4bc9_1_CNV-FAD_0_protein_processed.pdb,data/DockGen/processed_files/4bc9_1_CNV-FAD_0/4bc9_1_CNV-FAD_0_ligand.pdb,
,data/DockGen/processed_files/4bc9_1_CNV-FAD_0/4bc9_1_CNV-FAD_0_protein_processed.pdb,data/DockGen/processed_files/4bc9_1_CNV-FAD_0/4bc9_1_CNV-FAD_1_ligand.pdb,
,data/DockGen/processed_files/4cdn_2_FAD_0/4cdn_2_FAD_0_protein_processed.pdb,data/DockGen/processed_files/4cdn_2_FAD_0/4cdn_2_FAD_0_ligand.pdb,
,data/DockGen/processed_files/4cnl_1_CHT_1/4cnl_1_CHT_1_protein_processed.pdb,data/DockGen/processed_files/4cnl_1_CHT_1/4cnl_1_CHT_0_ligand.pdb,
,data/DockGen/processed_files/4cnl_1_CHT_1/4cnl_1_CHT_1_protein_processed.pdb,data/DockGen/processed_files/4cnl_1_CHT_1/4cnl_1_CHT_1_ligand.pdb,
,data/DockGen/processed_files/4cnl_1_CHT_1/4cnl_1_CHT_1_protein_processed.pdb,data/DockGen/processed_files/4cnl_1_CHT_1/4cnl_1_CHT_2_ligand.pdb,
,data/DockGen/processed_files/4cnl_1_CHT_1/4cnl_1_CHT_1_protein_processed.pdb,data/DockGen/processed_files/4cnl_1_CHT_1/4cnl_1_CHT_3_ligand.pdb,
,data/DockGen/processed_files/4cnl_1_CHT_1/4cnl_1_CHT_1_protein_processed.pdb,data/DockGen/processed_files/4cnl_1_CHT_1/4cnl_1_CHT_4_ligand.pdb,
,data/DockGen/processed_files/4cnl_1_CHT_1/4cnl_1_CHT_1_protein_processed.pdb,data/DockGen/processed_files/4cnl_1_CHT_1/4cnl_1_CHT_5_ligand.pdb,
,data/DockGen/processed_files/4cnl_1_CHT_1/4cnl_1_CHT_1_protein_processed.pdb,data/DockGen/processed_files/4cnl_1_CHT_1/4cnl_1_CHT_6_ligand.pdb,
,data/DockGen/processed_files/4cnl_1_CHT_1/4cnl_1_CHT_1_protein_processed.pdb,data/DockGen/processed_files/4cnl_1_CHT_1/4cnl_1_CHT_7_ligand.pdb,
,data/DockGen/processed_files/4dw3_1_C5P_0/4dw3_1_C5P_0_protein_processed.pdb,data/DockGen/processed_files/4dw3_1_C5P_0/4dw3_1_C5P_0_ligand.pdb,
,data/DockGen/processed_files/4fju_1_NAI_0/4fju_1_NAI_0_protein_processed.pdb,data/DockGen/processed_files/4fju_1_NAI_0/4fju_1_NAI_0_ligand.pdb,
,data/DockGen/processed_files/4fju_1_NAI_0/4fju_1_NAI_0_protein_processed.pdb,data/DockGen/processed_files/4fju_1_NAI_0/4fju_1_NAI_1_ligand.pdb,
,data/DockGen/processed_files/4fyv_1_DCP_2/4fyv_1_DCP_2_protein_processed.pdb,data/DockGen/processed_files/4fyv_1_DCP_2/4fyv_1_DCP_0_ligand.pdb,
,data/DockGen/processed_files/4fyv_1_DCP_2/4fyv_1_DCP_2_protein_processed.pdb,data/DockGen/processed_files/4fyv_1_DCP_2/4fyv_1_DCP_1_ligand.pdb,
,data/DockGen/processed_files/4fyv_1_DCP_2/4fyv_1_DCP_2_protein_processed.pdb,data/DockGen/processed_files/4fyv_1_DCP_2/4fyv_1_DCP_2_ligand.pdb,
,data/DockGen/processed_files/4fyv_1_DCP_2/4fyv_1_DCP_2_protein_processed.pdb,data/DockGen/processed_files/4fyv_1_DCP_2/4fyv_1_DCP_3_ligand.pdb,
,data/DockGen/processed_files/4fyv_1_DCP_2/4fyv_1_DCP_2_protein_processed.pdb,data/DockGen/processed_files/4fyv_1_DCP_2/4fyv_1_DCP_4_ligand.pdb,
,data/DockGen/processed_files/4fyv_1_DCP_2/4fyv_1_DCP_2_protein_processed.pdb,data/DockGen/processed_files/4fyv_1_DCP_2/4fyv_1_DCP_5_ligand.pdb,
,data/DockGen/processed_files/4fyw_1_CTP_4/4fyw_1_CTP_4_protein_processed.pdb,data/DockGen/processed_files/4fyw_1_CTP_4/4fyw_1_CTP_0_ligand.pdb,
,data/DockGen/processed_files/4fyw_1_CTP_4/4fyw_1_CTP_4_protein_processed.pdb,data/DockGen/processed_files/4fyw_1_CTP_4/4fyw_1_CTP_1_ligand.pdb,
,data/DockGen/processed_files/4fyw_1_CTP_4/4fyw_1_CTP_4_protein_processed.pdb,data/DockGen/processed_files/4fyw_1_CTP_4/4fyw_1_CTP_2_ligand.pdb,
,data/DockGen/processed_files/4fyw_1_CTP_4/4fyw_1_CTP_4_protein_processed.pdb,data/DockGen/processed_files/4fyw_1_CTP_4/4fyw_1_CTP_3_ligand.pdb,
,data/DockGen/processed_files/4fyw_1_CTP_4/4fyw_1_CTP_4_protein_processed.pdb,data/DockGen/processed_files/4fyw_1_CTP_4/4fyw_1_CTP_4_ligand.pdb,
,data/DockGen/processed_files/4fyw_1_CTP_4/4fyw_1_CTP_4_protein_processed.pdb,data/DockGen/processed_files/4fyw_1_CTP_4/4fyw_1_CTP_5_ligand.pdb,
,data/DockGen/processed_files/5yx4_1_HCC_0/5yx4_1_HCC_0_protein_processed.pdb,data/DockGen/processed_files/5yx4_1_HCC_0/5yx4_1_HCC_0_ligand.pdb,
,data/DockGen/processed_files/5z1n_1_PEF_0/5z1n_1_PEF_0_protein_processed.pdb,data/DockGen/processed_files/5z1n_1_PEF_0/5z1n_1_PEF_0_ligand.pdb,
,data/DockGen/processed_files/5zbl_2_AMP_0/5zbl_2_AMP_0_protein_processed.pdb,data/DockGen/processed_files/5zbl_2_AMP_0/5zbl_2_AMP_0_ligand.pdb,
,data/DockGen/processed_files/5zbl_2_AMP_0/5zbl_2_AMP_0_protein_processed.pdb,data/DockGen/processed_files/5zbl_2_AMP_0/5zbl_2_AMP_1_ligand.pdb,
,data/DockGen/processed_files/5zdn_1_CDP_0/5zdn_1_CDP_0_protein_processed.pdb,data/DockGen/processed_files/5zdn_1_CDP_0/5zdn_1_CDP_0_ligand.pdb,
,data/DockGen/processed_files/5zz1_1_3TR_1/5zz1_1_3TR_1_protein_processed.pdb,data/DockGen/processed_files/5zz1_1_3TR_1/5zz1_1_3TR_0_ligand.pdb,
,data/DockGen/processed_files/5zz1_1_3TR_1/5zz1_1_3TR_1_protein_processed.pdb,data/DockGen/processed_files/5zz1_1_3TR_1/5zz1_1_3TR_1_ligand.pdb,
,data/DockGen/processed_files/5zz1_1_3TR_1/5zz1_1_3TR_1_protein_processed.pdb,data/DockGen/processed_files/5zz1_1_3TR_1/5zz1_1_3TR_2_ligand.pdb,
,data/DockGen/processed_files/5zz1_1_3TR_1/5zz1_1_3TR_1_protein_processed.pdb,data/DockGen/processed_files/5zz1_1_3TR_1/5zz1_1_3TR_3_ligand.pdb,
,data/DockGen/processed_files/5zz1_1_3TR_1/5zz1_1_3TR_1_protein_processed.pdb,data/DockGen/processed_files/5zz1_1_3TR_1/5zz1_1_3TR_4_ligand.pdb,
,data/DockGen/processed_files/5zz1_1_3TR_1/5zz1_1_3TR_1_protein_processed.pdb,data/DockGen/processed_files/5zz1_1_3TR_1/5zz1_1_3TR_5_ligand.pdb,
,data/DockGen/processed_files/5zz1_1_3TR_1/5zz1_1_3TR_1_protein_processed.pdb,data/DockGen/processed_files/5zz1_1_3TR_1/5zz1_1_3TR_6_ligand.pdb,
,data/DockGen/processed_files/5zz1_1_3TR_1/5zz1_1_3TR_1_protein_processed.pdb,data/DockGen/processed_files/5zz1_1_3TR_1/5zz1_1_3TR_7_ligand.pdb,
,data/DockGen/processed_files/6a71_1_9UX_0/6a71_1_9UX_0_protein_processed.pdb,data/DockGen/processed_files/6a71_1_9UX_0/6a71_1_9UX_0_ligand.pdb,
,data/DockGen/processed_files/6a72_1_9UX_0/6a72_1_9UX_0_protein_processed.pdb,data/DockGen/processed_files/6a72_1_9UX_0/6a72_1_9UX_0_ligand.pdb,
,data/DockGen/processed_files/6b1b_1_TMO_15/6b1b_1_TMO_15_protein_processed.pdb,data/DockGen/processed_files/6b1b_1_TMO_15/6b1b_1_TMO_10_ligand.pdb,
,data/DockGen/processed_files/6b1b_1_TMO_15/6b1b_1_TMO_15_protein_processed.pdb,data/DockGen/processed_files/6b1b_1_TMO_15/6b1b_1_TMO_11_ligand.pdb,
,data/DockGen/processed_files/6b1b_1_TMO_15/6b1b_1_TMO_15_protein_processed.pdb,data/DockGen/processed_files/6b1b_1_TMO_15/6b1b_1_TMO_12_ligand.pdb,
,data/DockGen/processed_files/6b1b_1_TMO_15/6b1b_1_TMO_15_protein_processed.pdb,data/DockGen/processed_files/6b1b_1_TMO_15/6b1b_1_TMO_13_ligand.pdb,
,data/DockGen/processed_files/6b1b_1_TMO_15/6b1b_1_TMO_15_protein_processed.pdb,data/DockGen/processed_files/6b1b_1_TMO_15/6b1b_1_TMO_14_ligand.pdb,
,data/DockGen/processed_files/6b1b_1_TMO_15/6b1b_1_TMO_15_protein_processed.pdb,data/DockGen/processed_files/6b1b_1_TMO_15/6b1b_1_TMO_15_ligand.pdb,
,data/DockGen/processed_files/6cfv_1_IMP_0/6cfv_1_IMP_0_protein_processed.pdb,data/DockGen/processed_files/6cfv_1_IMP_0/6cfv_1_IMP_0_ligand.pdb,
,data/DockGen/processed_files/6cib_5_OXM_0/6cib_5_OXM_0_protein_processed.pdb,data/DockGen/processed_files/6cib_5_OXM_0/6cib_5_OXM_0_ligand.pdb,
,data/DockGen/processed_files/6czh_2_38E_0/6czh_2_38E_0_protein_processed.pdb,data/DockGen/processed_files/6czh_2_38E_0/6czh_2_38E_0_ligand.pdb,
,data/DockGen/processed_files/6dam_1_PQQ_0/6dam_1_PQQ_0_protein_processed.pdb,data/DockGen/processed_files/6dam_1_PQQ_0/6dam_1_PQQ_0_ligand.pdb,
,data/DockGen/processed_files/6ea9_1_9BG_0/6ea9_1_9BG_0_protein_processed.pdb,data/DockGen/processed_files/6ea9_1_9BG_0/6ea9_1_9BG_0_ligand.pdb,
,data/DockGen/processed_files/6ea9_1_9BG_0/6ea9_1_9BG_0_protein_processed.pdb,data/DockGen/processed_files/6ea9_1_9BG_0/6ea9_1_9BG_1_ligand.pdb,
,data/DockGen/processed_files/6egu_1_43Y_1/6egu_1_43Y_1_protein_processed.pdb,data/DockGen/processed_files/6egu_1_43Y_1/6egu_1_43Y_0_ligand.pdb,
,data/DockGen/processed_files/6egu_1_43Y_1/6egu_1_43Y_1_protein_processed.pdb,data/DockGen/processed_files/6egu_1_43Y_1/6egu_1_43Y_1_ligand.pdb,
,data/DockGen/processed_files/6egu_1_43Y_1/6egu_1_43Y_1_protein_processed.pdb,data/DockGen/processed_files/6egu_1_43Y_1/6egu_1_43Y_2_ligand.pdb,
,data/DockGen/processed_files/6ep5_1_ADP_1/6ep5_1_ADP_1_protein_processed.pdb,data/DockGen/processed_files/6ep5_1_ADP_1/6ep5_1_ADP_0_ligand.pdb,
,data/DockGen/processed_files/6ep5_1_ADP_1/6ep5_1_ADP_1_protein_processed.pdb,data/DockGen/processed_files/6ep5_1_ADP_1/6ep5_1_ADP_1_ligand.pdb,
,data/DockGen/processed_files/6ep5_1_ADP_1/6ep5_1_ADP_1_protein_processed.pdb,data/DockGen/processed_files/6ep5_1_ADP_1/6ep5_1_ADP_2_ligand.pdb,
,data/DockGen/processed_files/6ep5_1_ADP_1/6ep5_1_ADP_1_protein_processed.pdb,data/DockGen/processed_files/6ep5_1_ADP_1/6ep5_1_ADP_3_ligand.pdb,
,data/DockGen/processed_files/6ep5_1_ADP_1/6ep5_1_ADP_1_protein_processed.pdb,data/DockGen/processed_files/6ep5_1_ADP_1/6ep5_1_ADP_4_ligand.pdb,
,data/DockGen/processed_files/6ep5_1_ADP_1/6ep5_1_ADP_1_protein_processed.pdb,data/DockGen/processed_files/6ep5_1_ADP_1/6ep5_1_ADP_5_ligand.pdb,
,data/DockGen/processed_files/6etf_1_AMP_0/6etf_1_AMP_0_protein_processed.pdb,data/DockGen/processed_files/6etf_1_AMP_0/6etf_1_AMP_0_ligand.pdb,
,data/DockGen/processed_files/6etf_1_AMP_0/6etf_1_AMP_0_protein_processed.pdb,data/DockGen/processed_files/6etf_1_AMP_0/6etf_1_AMP_1_ligand.pdb,
,data/DockGen/processed_files/6fgc_1_ADP_1/6fgc_1_ADP_1_protein_processed.pdb,data/DockGen/processed_files/6fgc_1_ADP_1/6fgc_1_ADP_0_ligand.pdb,
,data/DockGen/processed_files/6fgc_1_ADP_1/6fgc_1_ADP_1_protein_processed.pdb,data/DockGen/processed_files/6fgc_1_ADP_1/6fgc_1_ADP_1_ligand.pdb,
,data/DockGen/processed_files/6tvg_1_AP2_1/6tvg_1_AP2_1_protein_processed.pdb,data/DockGen/processed_files/6tvg_1_AP2_1/6tvg_1_AP2_0_ligand.pdb,
,data/DockGen/processed_files/6tvg_1_AP2_1/6tvg_1_AP2_1_protein_processed.pdb,data/DockGen/processed_files/6tvg_1_AP2_1/6tvg_1_AP2_1_ligand.pdb,
,data/DockGen/processed_files/6u1v_1_FDA_2/6u1v_1_FDA_2_protein_processed.pdb,data/DockGen/processed_files/6u1v_1_FDA_2/6u1v_1_FDA_0_ligand.pdb,
,data/DockGen/processed_files/6u1v_1_FDA_2/6u1v_1_FDA_2_protein_processed.pdb,data/DockGen/processed_files/6u1v_1_FDA_2/6u1v_1_FDA_1_ligand.pdb,
,data/DockGen/processed_files/6u1v_1_FDA_2/6u1v_1_FDA_2_protein_processed.pdb,data/DockGen/processed_files/6u1v_1_FDA_2/6u1v_1_FDA_2_ligand.pdb,
,data/DockGen/processed_files/6u1v_1_FDA_2/6u1v_1_FDA_2_protein_processed.pdb,data/DockGen/processed_files/6u1v_1_FDA_2/6u1v_1_FDA_3_ligand.pdb,
,data/DockGen/processed_files/6ubz_1_GLY_2/6ubz_1_GLY_2_protein_processed.pdb,data/DockGen/processed_files/6ubz_1_GLY_2/6ubz_1_GLY_0_ligand.pdb,
,data/DockGen/processed_files/6ubz_1_GLY_2/6ubz_1_GLY_2_protein_processed.pdb,data/DockGen/processed_files/6ubz_1_GLY_2/6ubz_1_GLY_1_ligand.pdb,
,data/DockGen/processed_files/6ubz_1_GLY_2/6ubz_1_GLY_2_protein_processed.pdb,data/DockGen/processed_files/6ubz_1_GLY_2/6ubz_1_GLY_2_ligand.pdb,
,data/DockGen/processed_files/6ubz_1_GLY_2/6ubz_1_GLY_2_protein_processed.pdb,data/DockGen/processed_files/6ubz_1_GLY_2/6ubz_1_GLY_3_ligand.pdb,
,data/DockGen/processed_files/6uc1_1_GLY_2/6uc1_1_GLY_2_protein_processed.pdb,data/DockGen/processed_files/6uc1_1_GLY_2/6uc1_1_GLY_0_ligand.pdb,
,data/DockGen/processed_files/6uc1_1_GLY_2/6uc1_1_GLY_2_protein_processed.pdb,data/DockGen/processed_files/6uc1_1_GLY_2/6uc1_1_GLY_1_ligand.pdb,
,data/DockGen/processed_files/6uc1_1_GLY_2/6uc1_1_GLY_2_protein_processed.pdb,data/DockGen/processed_files/6uc1_1_GLY_2/6uc1_1_GLY_2_ligand.pdb,
,data/DockGen/processed_files/6uc1_1_GLY_2/6uc1_1_GLY_2_protein_processed.pdb,data/DockGen/processed_files/6uc1_1_GLY_2/6uc1_1_GLY_3_ligand.pdb,
,data/DockGen/processed_files/6uqy_2_AT3_0/6uqy_2_AT3_0_protein_processed.pdb,data/DockGen/processed_files/6uqy_2_AT3_0/6uqy_2_AT3_0_ligand.pdb,
,data/DockGen/processed_files/6ur1_2_AT3_0/6ur1_2_AT3_0_protein_processed.pdb,data/DockGen/processed_files/6ur1_2_AT3_0/6ur1_2_AT3_0_ligand.pdb,
,data/DockGen/processed_files/6uw3_1_GDP_0/6uw3_1_GDP_0_protein_processed.pdb,data/DockGen/processed_files/6uw3_1_GDP_0/6uw3_1_GDP_0_ligand.pdb,
,data/DockGen/processed_files/6uw3_1_GDP_0/6uw3_1_GDP_0_protein_processed.pdb,data/DockGen/processed_files/6uw3_1_GDP_0/6uw3_1_GDP_1_ligand.pdb,
,data/DockGen/processed_files/6uw5_1_GDP_1/6uw5_1_GDP_1_protein_processed.pdb,data/DockGen/processed_files/6uw5_1_GDP_1/6uw5_1_GDP_0_ligand.pdb,
,data/DockGen/processed_files/6uw5_1_GDP_1/6uw5_1_GDP_1_protein_processed.pdb,data/DockGen/processed_files/6uw5_1_GDP_1/6uw5_1_GDP_1_ligand.pdb,
,data/DockGen/processed_files/6uw7_1_QMD_0/6uw7_1_QMD_0_protein_processed.pdb,data/DockGen/processed_files/6uw7_1_QMD_0/6uw7_1_QMD_0_ligand.pdb,
,data/DockGen/processed_files/6v2a_1_ASN_3/6v2a_1_ASN_3_protein_processed.pdb,data/DockGen/processed_files/6v2a_1_ASN_3/6v2a_1_ASN_0_ligand.pdb,
,data/DockGen/processed_files/6v2a_1_ASN_3/6v2a_1_ASN_3_protein_processed.pdb,data/DockGen/processed_files/6v2a_1_ASN_3/6v2a_1_ASN_1_ligand.pdb,
,data/DockGen/processed_files/6v2a_1_ASN_3/6v2a_1_ASN_3_protein_processed.pdb,data/DockGen/processed_files/6v2a_1_ASN_3/6v2a_1_ASN_2_ligand.pdb,
,data/DockGen/processed_files/6v2a_1_ASN_3/6v2a_1_ASN_3_protein_processed.pdb,data/DockGen/processed_files/6v2a_1_ASN_3/6v2a_1_ASN_3_ligand.pdb,
,data/DockGen/processed_files/6w70_2_GG2_0/6w70_2_GG2_0_protein_processed.pdb,data/DockGen/processed_files/6w70_2_GG2_0/6w70_2_GG2_0_ligand.pdb,
,data/DockGen/processed_files/6wjy_2_U41_0/6wjy_2_U41_0_protein_processed.pdb,data/DockGen/processed_files/6wjy_2_U41_0/6wjy_2_U41_0_ligand.pdb,
,data/DockGen/processed_files/6wyz_1_DGL_1/6wyz_1_DGL_1_protein_processed.pdb,data/DockGen/processed_files/6wyz_1_DGL_1/6wyz_1_DGL_0_ligand.pdb,
,data/DockGen/processed_files/6wyz_1_DGL_1/6wyz_1_DGL_1_protein_processed.pdb,data/DockGen/processed_files/6wyz_1_DGL_1/6wyz_1_DGL_1_ligand.pdb,
,data/DockGen/processed_files/6wyz_1_DGL_1/6wyz_1_DGL_1_protein_processed.pdb,data/DockGen/processed_files/6wyz_1_DGL_1/6wyz_1_DGL_2_ligand.pdb,
,data/DockGen/processed_files/6wyz_1_DGL_1/6wyz_1_DGL_1_protein_processed.pdb,data/DockGen/processed_files/6wyz_1_DGL_1/6wyz_1_DGL_3_ligand.pdb,
,data/DockGen/processed_files/6xb3_3_9BG_1/6xb3_3_9BG_1_protein_processed.pdb,data/DockGen/processed_files/6xb3_3_9BG_1/6xb3_3_9BG_0_ligand.pdb,
,data/DockGen/processed_files/6xb3_3_9BG_1/6xb3_3_9BG_1_protein_processed.pdb,data/DockGen/processed_files/6xb3_3_9BG_1/6xb3_3_9BG_1_ligand.pdb,
,data/DockGen/processed_files/6xb3_6_9BG_1/6xb3_6_9BG_1_protein_processed.pdb,data/DockGen/processed_files/6xb3_6_9BG_1/6xb3_6_9BG_0_ligand.pdb,
,data/DockGen/processed_files/6xb3_6_9BG_1/6xb3_6_9BG_1_protein_processed.pdb,data/DockGen/processed_files/6xb3_6_9BG_1/6xb3_6_9BG_1_ligand.pdb,
,data/DockGen/processed_files/6xug_1_O1Q_0/6xug_1_O1Q_0_protein_processed.pdb,data/DockGen/processed_files/6xug_1_O1Q_0/6xug_1_O1Q_0_ligand.pdb,
,data/DockGen/processed_files/6xug_1_O1Q_0/6xug_1_O1Q_0_protein_processed.pdb,data/DockGen/processed_files/6xug_1_O1Q_0/6xug_1_O1Q_1_ligand.pdb,
,data/DockGen/processed_files/6yao_1_OJ2_0/6yao_1_OJ2_0_protein_processed.pdb,data/DockGen/processed_files/6yao_1_OJ2_0/6yao_1_OJ2_0_ligand.pdb,
,data/DockGen/processed_files/6yap_1_OHZ_0/6yap_1_OHZ_0_protein_processed.pdb,data/DockGen/processed_files/6yap_1_OHZ_0/6yap_1_OHZ_0_ligand.pdb,
,data/DockGen/processed_files/6yaq_1_OHZ_0/6yaq_1_OHZ_0_protein_processed.pdb,data/DockGen/processed_files/6yaq_1_OHZ_0/6yaq_1_OHZ_0_ligand.pdb,
